/*
 Navicat Premium Data Transfer

 Source Server         : localhost
 Source Server Type    : MySQL
 Source Server Version : 80031 (8.0.31)
 Source Host           : localhost:3306
 Source Schema         : may_blog

 Target Server Type    : MySQL
 Target Server Version : 80031 (8.0.31)
 File Encoding         : 65001

 Date: 06/03/2025 21:32:35
*/

SET NAMES utf8mb4;
SET FOREIGN_KEY_CHECKS = 0;

-- ----------------------------
-- Table structure for oj_question
-- ----------------------------
DROP TABLE IF EXISTS `oj_question`;
CREATE TABLE `oj_question`  (
  `id` int NOT NULL AUTO_INCREMENT COMMENT 'id',
  `title` varchar(512) CHARACTER SET utf8mb4 COLLATE utf8mb4_unicode_ci NULL DEFAULT NULL COMMENT '题目标题',
  `content` text CHARACTER SET utf8mb4 COLLATE utf8mb4_unicode_ci NULL COMMENT '题目内容',
  `main_code` text CHARACTER SET utf8mb4 COLLATE utf8mb4_unicode_ci NULL COMMENT '主函数代码',
  `question_template` text CHARACTER SET utf8mb4 COLLATE utf8mb4_unicode_ci NULL COMMENT '题目模板',
  `answer` text CHARACTER SET utf8mb4 COLLATE utf8mb4_unicode_ci NULL COMMENT '标准答案',
  `answer_code` text CHARACTER SET utf8mb4 COLLATE utf8mb4_unicode_ci NOT NULL COMMENT '正确代码',
  `submit_num` int NOT NULL DEFAULT 0 COMMENT '题目提交数',
  `difficulty` int NOT NULL COMMENT '难度 1简单 2中等 3困难',
  `accept_num` int NOT NULL DEFAULT 0 COMMENT '题目通过数',
  `judge_config` text CHARACTER SET utf8mb4 COLLATE utf8mb4_unicode_ci NULL COMMENT '判题配置（json数组）\r\n\r\njson存储类型\r\n[\r\n    {\r\n        input: \'xxx\',  输入用例\r\n        output: \'xxx\'  输出用例\r\n    },\r\n]',
  `judge_case` text CHARACTER SET utf8mb4 COLLATE utf8mb4_unicode_ci NULL COMMENT '判题用例（json数组）\r\n\r\n[\r\n    {\r\n        timeLimit: \'xxx\',  时间限制\r\n        memoryLimit: \'xxx\'  内存限制\r\n    }\r\n]',
  `user_id` int NOT NULL COMMENT '创建题目用户id',
  `create_time` datetime NOT NULL COMMENT '创建时间',
  `update_time` datetime NULL DEFAULT NULL COMMENT '更新时间',
  `is_delete` tinyint NOT NULL DEFAULT 0 COMMENT '是否删除',
  PRIMARY KEY (`id`) USING BTREE
) ENGINE = InnoDB AUTO_INCREMENT = 29 CHARACTER SET = utf8mb4 COLLATE = utf8mb4_unicode_ci COMMENT = 'oj模块-题目' ROW_FORMAT = DYNAMIC;

-- ----------------------------
-- Records of oj_question
-- ----------------------------
INSERT INTO `oj_question` VALUES (22, '回文数', '给你一个整数 ***x*** ，如果 **x** 是一个回文整数，返回 **true** ；否则，返回 **false**。\n\n*回文数*是指正序（从左向右）和倒序（从右向左）读都是一样的整数。\n\n例如，**121** 是回文，而 **123** 不是。\n \n## 示例 1：\n\n输入：x = 121\n输出：true\n\n## 示例 2：\n\n输入：x = -121\n输出：false\n解释：从左向右读, 为 -121 。 从右向左读, 为 121- 。因此它不是一个回文数。\n\n## 示例 3：\n\n输入：x = 10\n输出：false\n解释：从右向左读, 为 01 。因此它不是一个回文数。\n \n\n*提示：*\n- -231 <= x <= 231 - 1\n \n\n*进阶*：你能不将整数转为字符串来解决这个问题吗？', 'public static void main(String[]args){\n        Solution solution=new Solution();\n        int i=Integer.parseInt(args[0]);\n        boolean palindrome=solution.isPalindrome(i);\n        System.out.println(palindrome);\n}', 'public class Solution {\n    public boolean isPalindrome(int x) {\n    }\n}', '**方法一：反转一半数字**\n\n**思路**\n\n映入脑海的第一个想法是将数字转换为字符串，并检查字符串是否为回文。但是，这需要额外的非常量空间来创建问题描述中所不允许的字符串。\n\n第二个想法是将数字本身反转，然后将反转后的数字与原始数字进行比较，如果它们是相同的，那么这个数字就是回文。\n但是，如果反转后的数字大于 int.MAX，我们将遇到整数溢出问题。\n\n按照第二个想法，为了避免数字反转可能导致的溢出问题，为什么不考虑只反转 int 数字的一半？毕竟，如果该数字是回文，其后半部分反转后应该与原始数字的前半部分相同。\n\n例如，输入 1221，我们可以将数字 “1221” 的后半部分从 “21” 反转为 “12”，并将其与前半部分 “12” 进行比较，因为二者相同，我们得知数字 1221 是回文。\n\n**算法**\n\n首先，我们应该处理一些临界情况。所有负数都不可能是回文，例如：-123 不是回文，因为 - 不等于 3。所以我们可以对所有负数返回 false。除了 0 以外，所有个位是 0 的数字不可能是回文，因为最高位不等于 0。所以我们可以对所有大于 0 且个位是 0 的数字返回 false。\n\n现在，让我们来考虑如何反转后半部分的数字。\n\n对于数字 1221，如果执行 1221 % 10，我们将得到最后一位数字 1，要得到倒数第二位数字，我们可以先通过除以 10 把最后一位数字从 1221 中移除，1221 / 10 = 122，再求出上一步结果除以 10 的余数，122 % 10 = 2，就可以得到倒数第二位数字。如果我们把最后一位数字乘以 10，再加上倒数第二位数字，1 * 10 + 2 = 12，就得到了我们想要的反转后的数字。如果继续这个过程，我们将得到更多位数的反转数字。\n\n现在的问题是，我们如何知道反转数字的位数已经达到原始数字位数的一半？\n\n由于整个过程我们不断将原始数字除以 10，然后给反转后的数字乘上 10，所以，当原始数字小于或等于反转后的数字时，就意味着我们已经处理了一半位数的数字了。\n\n\n```java\nclass Solution {\n    public boolean isPalindrome(int x) {\n        // 特殊情况：\n        // 如上所述，当 x < 0 时，x 不是回文数。\n        // 同样地，如果数字的最后一位是 0，为了使该数字为回文，\n        // 则其第一位数字也应该是 0\n        // 只有 0 满足这一属性\n        if (x < 0 || (x % 10 == 0 && x != 0)) {\n            return false;\n        }\n\n        int revertedNumber = 0;\n        while (x > revertedNumber) {\n            revertedNumber = revertedNumber * 10 + x % 10;\n            x /= 10;\n        }\n\n        // 当数字长度为奇数时，我们可以通过 revertedNumber/10 去除处于中位的数字。\n        // 例如，当输入为 12321 时，在 while 循环的末尾我们可以得到 x = 12，revertedNumber = 123，\n        // 由于处于中位的数字不影响回文（它总是与自己相等），所以我们可以简单地将其去除。\n        return x == revertedNumber || x == revertedNumber / 10;\n    }\n}\n```\n\n**复杂度分析**\n\n- 时间复杂度：O(logn)，对于每次迭代，我们会将输入除以 10，因此时间复杂度为 O(logn)。\n- 空间复杂度：O(1)。我们只需要常数空间存放若干变量。', 'public class Solution {\n    public boolean isPalindrome(int x) {\n        if (x < 0 || (x % 10 == 0 && x != 0)) {\n            return false;\n        }\n        int revertedNumber = 0;\n        while (x > revertedNumber) {\n            revertedNumber = revertedNumber * 10 + x % 10;\n            x /= 10;\n        }\n        return x == revertedNumber || x == revertedNumber / 10;\n    }\n}', 53, 1, 9, '{\"memoryLimit\":1000,\"stackLimit\":1000,\"timeLimit\":1000}', '[{\"input\":\"121\",\"output\":\"true\"},{\"input\":\"12321\",\"output\":\"true\"},{\"input\":\"-121\",\"output\":\"false\"},{\"input\":\"10\",\"output\":\"false\"}]', 1, '2024-12-12 18:01:31', '2024-12-15 13:55:38', 0);
INSERT INTO `oj_question` VALUES (25, '整数反转', '给你一个 **32** 位的有符号整数 **x** ，返回将 **x** 中的数字部分反转后的结果。\n\n如果反转后整数超过 **32** 位的有符号整数的范围 **[−231,  231 − 1]** ，就返回 **0**。\n\n**假设环境不允许存储 64 位整数（有符号或无符号）。**\n \n\n## 示例 1：\n输入：x = 123\n输出：321\n\n## 示例 2：\n输入：x = -123\n输出：-321\n\n## 示例 3：\n输入：x = 120\n输出：21\n\n## 示例 4：\n输入：x = 0\n输出：0\n \n\n**提示：**\n-231 <= x <= 231 - 1', 'public static void main(String[] args) {\n        Solution solution = new Solution();\n        int i = Integer.parseInt(args[0]);\n        int reverse = solution.reverse(i);\n        System.out.println(reverse);\n    }', 'class Solution {\n    public int reverse(int x) {\n        \n    }\n}', '```java\nclass Solution {\n    public int reverse(int x) {\n        int rev = 0;\n        while (x != 0) {\n            if (rev < Integer.MIN_VALUE / 10 || rev > Integer.MAX_VALUE / 10) {\n                return 0;\n            }\n            int digit = x % 10;\n            x /= 10;\n            rev = rev * 10 + digit;\n        }\n        return rev;\n    }\n}\n```', '', 8, 2, 2, '{\"memoryLimit\":50,\"stackLimit\":1000,\"timeLimit\":10000}', '[{\"input\":\"123\",\"output\":\"321\"},{\"input\":\"-123\",\"output\":\"-321\"},{\"input\":\"120\",\"output\":\"21\"}]', 1, '2024-12-13 17:22:48', '2024-12-13 17:29:49', 0);
INSERT INTO `oj_question` VALUES (27, '读取文件测试', '123', 'public static void main(String[] args) {\n        Solution solution = new Solution();\n        String palindrome = solution.isPalindrome();\n        System.out.println(palindrome);\n    }', 'public class Solution {\n    public String isPalindrome() {\n    }\n}', '123', '', 8, 1, 0, '{\"memoryLimit\":50,\"stackLimit\":1000,\"timeLimit\":10000}', '[{\"input\":\"123\",\"output\":\"123\"},{\"input\":\"123\",\"output\":\"123\"}]', 1, '2024-12-14 03:00:05', '2024-12-14 03:00:40', 0);
INSERT INTO `oj_question` VALUES (28, '罗马数字转整数', '罗马数字包含以下七种字符: I， V， X， L，C，D 和 M。\n\n| 字符 | 数值 |\n| --- | --- |\n| I | 1 |\n| V | 5 |\n| X | 10 |\n| L | 50 |\n| C | 100 |\n| D | 500 |\n| M | 1000 |\n     \n例如， 罗马数字 2 写做 II ，即为两个并列的 1 。12 写做 XII ，即为 X + II 。 27 写做  XXVII, 即为 XX + V + II 。\n\n通常情况下，罗马数字中小的数字在大的数字的右边。但也存在特例，例如 4 不写做 IIII，而是 IV。数字 1 在数字 5 的左边，所表示的数等于大数 5 减小数 1 得到的数值 4 。同样地，数字 9 表示为 IX。这个特殊的规则只适用于以下六种情况：\n\nI 可以放在 V (5) 和 X (10) 的左边，来表示 4 和 9。\nX 可以放在 L (50) 和 C (100) 的左边，来表示 40 和 90。 \nC 可以放在 D (500) 和 M (1000) 的左边，来表示 400 和 900。\n给定一个罗马数字，将其转换成整数。\n\n \n\n示例 1:\n\n输入: s = \"III\"\n输出: 3\n示例 2:\n\n输入: s = \"IV\"\n输出: 4\n示例 3:\n\n输入: s = \"IX\"\n输出: 9\n示例 4:\n\n输入: s = \"LVIII\"\n输出: 58\n解释: L = 50, V= 5, III = 3.\n示例 5:\n\n输入: s = \"MCMXCIV\"\n输出: 1994\n解释: M = 1000, CM = 900, XC = 90, IV = 4.\n \n\n**提示：**\n\n- 1 <= s.length <= 15\n- s 仅含字符 (\'I\', \'V\', \'X\', \'L\', \'C\', \'D\', \'M\')\n- 题目数据保证 s 是一个有效的罗马数字，且表示整数在范围 [1, 3999] 内\n- 题目所给测试用例皆符合罗马数字书写规则，不会出现跨位等情况。\n- IL 和 IM 这样的例子并不符合题目要求，49 应该写作 XLIX，999 应该写作 CMXCIX 。\n- 关于罗马数字的详尽书写规则，可以参考 [罗马数字 - 百度百科](https://baike.baidu.com/item/%E7%BD%97%E9%A9%AC%E6%95%B0%E5%AD%97/772296)', 'public static void main(String[] args) {\n        Solution solution = new Solution();\n        String arg = args[0];\n        int romanToInt = solution.romanToInt(arg);\n        System.out.println(romanToInt);\n    }', 'import java.util.HashMap;\nimport java.util.Map;\n\nclass Solution {\n    public int romanToInt(String s) {\n    \n    }\n}', '# 思路\n\n通常情况下，罗马数字中小的数字在大的数字的右边。若输入的字符串满足该情况，那么可以将每个字符视作一个单独的值，累加每个字符对应的数值即可。\n\n例如 XXVII 可视作 X+X+V+I+I=10+10+5+1+1=27。\n\n若存在小的数字在大的数字的左边的情况，根据规则需要减去小的数字。对于这种情况，我们也可以将每个字符视作一个单独的值，若一个数字右侧的数字比它大，则将该数字的符号取反。\n\n例如 XIV 可视作 X−I+V=10−1+5=14。', 'import java.util.HashMap;\nimport java.util.Map;\n\nclass Solution {\n    Map<Character, Integer> symbolValues = new HashMap<Character, Integer>() {{\n        put(\'I\', 1);\n        put(\'V\', 5);\n        put(\'X\', 10);\n        put(\'L\', 50);\n        put(\'C\', 100);\n        put(\'D\', 500);\n        put(\'M\', 1000);\n    }};\n    public int romanToInt(String s) {\n        int ans = 0;\n        int n = s.length();\n        for (int i = 0; i < n; ++i) {\n            int value = symbolValues.get(s.charAt(i));\n            if (i < n - 1 && value < symbolValues.get(s.charAt(i + 1))) {\n                ans -= value;\n            } else {\n                ans += value;\n            }\n        }\n        return ans;\n    }\n}', 1, 1, 1, '{\"memoryLimit\":50,\"stackLimit\":1000,\"timeLimit\":10000}', '[{\"input\":\"III\",\"output\":\"3\"},{\"input\":\"LVIII\",\"output\":\"58\"},{\"input\":\"MCMXCIV\",\"output\":\"1994\"}]', 1, '2025-02-01 14:09:15', '2025-02-01 14:13:11', 0);

-- ----------------------------
-- Table structure for oj_question_submit
-- ----------------------------
DROP TABLE IF EXISTS `oj_question_submit`;
CREATE TABLE `oj_question_submit`  (
  `id` int NOT NULL AUTO_INCREMENT COMMENT 'id',
  `question_id` int NOT NULL COMMENT '题目id',
  `user_info_id` int NOT NULL COMMENT '创建用户id',
  `language` varchar(128) CHARACTER SET utf8mb4 COLLATE utf8mb4_0900_ai_ci NOT NULL COMMENT '编程语言',
  `code` text CHARACTER SET utf8mb4 COLLATE utf8mb4_0900_ai_ci NOT NULL COMMENT '用户代码',
  `judge_info` text CHARACTER SET utf8mb4 COLLATE utf8mb4_0900_ai_ci NULL COMMENT '判题信息（json）\r\n[\r\n    {\r\n        message: xxx, 程序执行信息\r\n        time: xxx,  执行时间 ms\r\n        memory: xxx  占用内存 kb\r\n    }\r\n]',
  `status` int NULL DEFAULT 0 COMMENT '判题状态 （0：待判题，1：判题中，2：成功，3：失败）',
  `result` int NULL DEFAULT NULL COMMENT '判题结果',
  `create_time` datetime NOT NULL COMMENT '创建时间',
  `update_time` datetime NULL DEFAULT NULL COMMENT '更新时间',
  `is_delete` tinyint NOT NULL DEFAULT 0 COMMENT '是否删除',
  PRIMARY KEY (`id`) USING BTREE,
  INDEX `idx_question_id`(`question_id` ASC) USING BTREE
) ENGINE = InnoDB AUTO_INCREMENT = 194 CHARACTER SET = utf8mb4 COLLATE = utf8mb4_0900_ai_ci COMMENT = 'oj模块-题目提交' ROW_FORMAT = DYNAMIC;

-- ----------------------------
-- Records of oj_question_submit
-- ----------------------------
INSERT INTO `oj_question_submit` VALUES (112, 22, 1, 'java', 'public class Solution {\n    public boolean isPalindrome(int x) {\n        String str;\n        if (str.length() == 0) {\n            return true;\n        }\n\n        if (x < 0 || (x % 10 == 0 && x != 0)) {\n            return false;\n        }\n        \n        int revertedNumber = 0;\n        while (x.length == 1 && x > revertedNumber) {\n            revertedNumber = revertedNumber * 10 + x % 10;\n            x /= 10;\n        }\n        return x == revertedNumber || x == revertedNumber / 10;\n    }\n}', '{}', 3, 3, '2024-12-13 19:31:13', '2024-12-13 19:31:23', 0);
INSERT INTO `oj_question_submit` VALUES (113, 22, 1, 'java', 'public class Solution {\n    public boolean isPalindrome(int x) {\n        String str;\n        if (str.length() == 0) {\n            return true;\n        }\n\n        if (x < 0 || (x % 10 == 0 && x != 0)) {\n            return false;\n        }\n        \n        int revertedNumber = 0;\n        while (x.length == 1 && x > revertedNumber) {\n            revertedNumber = revertedNumber * 10 + x % 10;\n            x /= 10;\n        }\n        return x == revertedNumber || x == revertedNumber / 10;\n    }\n}', '{\"message\":\"编译错误\",\"time\":0,\"memory\":0}', 2, 3, '2024-12-13 19:34:58', '2024-12-13 19:35:04', 0);
INSERT INTO `oj_question_submit` VALUES (114, 22, 1, 'java', 'public class Solution {\n    public boolean isPalindrome(int x) {\n        String str = null;\n        if (str.length() == 0) {\n            return true;\n        }\n\n        if (x < 0 || (x % 10 == 0 && x != 0)) {\n            return false;\n        }\n\n        int revertedNumber = 0;\n        while (x > revertedNumber) {\n            revertedNumber = revertedNumber * 10 + x % 10;\n            x /= 10;\n        }\n        return x == revertedNumber || x == revertedNumber / 10;\n    }\n}', '{}', 3, 3, '2024-12-13 19:36:23', '2024-12-13 19:36:24', 0);
INSERT INTO `oj_question_submit` VALUES (115, 22, 1, 'java', 'public class Solution {\n    public boolean isPalindrome(int x) {\n        String str = null;\n        if (str.length() == 0) {\n            return true;\n        }\n\n        if (x < 0 || (x % 10 == 0 && x != 0)) {\n            return false;\n        }\n\n        int revertedNumber = 0;\n        while (x > revertedNumber) {\n            revertedNumber = revertedNumber * 10 + x % 10;\n            x /= 10;\n        }\n        return x == revertedNumber || x == revertedNumber / 10;\n    }\n}', '{}', 3, 3, '2024-12-13 19:37:48', '2024-12-13 19:37:49', 0);
INSERT INTO `oj_question_submit` VALUES (116, 22, 1, 'java', 'public class Solution {\n    public boolean isPalindrome(int x) {\n        String str = null;\n        if (str.length() == 0) {\n            return true;\n        }\n\n        if (x < 0 || (x % 10 == 0 && x != 0)) {\n            return false;\n        }\n\n        int revertedNumber = 0;\n        while (x > revertedNumber) {\n            revertedNumber = revertedNumber * 10 + x % 10;\n            x /= 10;\n        }\n        return x == revertedNumber || x == revertedNumber / 10;\n    }\n}', '{}', 3, 3, '2024-12-12 19:38:55', '2024-12-13 19:40:25', 0);
INSERT INTO `oj_question_submit` VALUES (117, 22, 1, 'java', 'public class Solution {\n    public boolean isPalindrome(int x) {\n        String str = null;\n        if (str.length() == 0) {\n            return true;\n        }\n\n        if (x < 0 || (x % 10 == 0 && x != 0)) {\n            return false;\n        }\n\n        int revertedNumber = 0;\n        while (x > revertedNumber) {\n            revertedNumber = revertedNumber * 10 + x % 10;\n            x /= 10;\n        }\n        return x == revertedNumber || x == revertedNumber / 10;\n    }\n}', '{\"inputList\":[\"121\",\"12321\",\"-121\",\"10\"],\"outputList\":[\"Exception in thread \\\"main\\\" java.lang.NullPointerException\\n\\tat Solution.isPalindrome(Solution.java:4)\\n\\tat Solution.main(Solution.java:22)\",\"Exception in thread \\\"main\\\" java.lang.NullPointerException\\n\\tat Solution.isPalindrome(Solution.java:4)\\n\\tat Solution.main(Solution.java:22)\",\"Exception in thread \\\"main\\\" java.lang.NullPointerException\\n\\tat Solution.isPalindrome(Solution.java:4)\\n\\tat Solution.main(Solution.java:22)\",\"Exception in thread \\\"main\\\" java.lang.NullPointerException\\n\\tat Solution.isPalindrome(Solution.java:4)\\n\\tat Solution.main(Solution.java:22)\"],\"message\":\"运行时错误\",\"time\":94,\"memory\":52750}', 2, 10, '2024-12-11 19:45:27', '2024-12-13 19:45:30', 0);
INSERT INTO `oj_question_submit` VALUES (118, 22, 1, 'java', 'public class Solution {\n    public boolean isPalindrome(int x) {\n        String str = null;\n        if (str.length() == 0) {\n            return true;\n        }\n\n        if (x < 0 || (x % 10 == 0 && x != 0)) {\n            return false;\n        }\n\n        int revertedNumber = 0;\n        while (x > revertedNumber) {\n            revertedNumber = revertedNumber * 10 + x % 10;\n            x /= 10;\n        }\n        return x == revertedNumber || x == revertedNumber / 10;\n    }\n}', '{\"inputList\":[\"121\",\"12321\",\"-121\",\"10\"],\"outputList\":[\"Exception in thread \\\"main\\\" java.lang.NullPointerException\\n\\tat Solution.isPalindrome(Solution.java:4)\\n\\tat Solution.main(Solution.java:22)\",\"Exception in thread \\\"main\\\" java.lang.NullPointerException\\n\\tat Solution.isPalindrome(Solution.java:4)\\n\\tat Solution.main(Solution.java:22)\",\"Exception in thread \\\"main\\\" java.lang.NullPointerException\\n\\tat Solution.isPalindrome(Solution.java:4)\\n\\tat Solution.main(Solution.java:22)\",\"Exception in thread \\\"main\\\" java.lang.NullPointerException\\n\\tat Solution.isPalindrome(Solution.java:4)\\n\\tat Solution.main(Solution.java:22)\"],\"message\":\"运行时错误\",\"time\":95,\"memory\":15291}', 2, 10, '2024-12-10 19:47:10', '2024-12-13 19:47:11', 0);
INSERT INTO `oj_question_submit` VALUES (119, 22, 1, 'java', 'public class Solution {\n    public boolean isPalindrome(int x) {\n        if (x < 0 || (x % 10 == 0 && x != 0)) {\n            return false;\n        }\n\n        int revertedNumber = 0;\n        while (x > revertedNumber) {\n            revertedNumber = revertedNumber * 10 + x % 10;\n            x /= 10;\n        }\n        return x == revertedNumber || x == revertedNumber / 10;\n    }\n}', '{\"inputList\":[\"121\",\"12321\",\"-121\",\"10\"],\"outputList\":[\"true\",\"true\",\"false\",\"false\"],\"message\":\"答案正确\",\"time\":96,\"memory\":13014}', 2, 1, '2024-12-09 22:41:05', '2024-12-13 22:41:06', 0);
INSERT INTO `oj_question_submit` VALUES (120, 22, 1, 'java', 'public class Solution {\n    public boolean isPalindrome(int x) {\n        if (x < 0 || (x % 10 == 0 && x != 0)) {\n            return false;\n        }\n\n        int revertedNumber = 0;\n        while (x > revertedNumber) {\n            revertedNumber = revertedNumber * 10 + x % 10;\n            x /= 10;\n        }\n        return x == revertedNumber || x == revertedNumber / 10;\n    }\n}', '{\"inputList\":[\"121\",\"12321\",\"-121\",\"10\"],\"outputList\":[\"true\",\"true\",\"false\",\"false\"],\"message\":\"答案正确\",\"time\":113,\"memory\":13048}', 2, 1, '2024-12-13 22:41:43', '2024-12-13 22:41:44', 0);
INSERT INTO `oj_question_submit` VALUES (121, 22, 1, 'java', 'public class Solution {\n    public boolean isPalindrome(int x) {\n        if (x < 0 || (x % 10 == 0 && x != 0)) {\n            return false;\n        }\n\n        int revertedNumber = 0;\n        while (x > revertedNumber) {\n            revertedNumber = revertedNumber * 10 + x % 10;\n            x /= 10;\n        }\n        return x == revertedNumber || x == revertedNumber / 10;\n    }\n}', '{\"inputList\":[\"121\",\"12321\",\"-121\",\"10\"],\"outputList\":[\"true\",\"true\",\"false\",\"false\"],\"message\":\"答案正确\",\"time\":96,\"memory\":12970}', 2, 1, '2024-12-08 22:44:02', '2024-12-13 22:44:03', 0);
INSERT INTO `oj_question_submit` VALUES (122, 22, 1, 'java', 'public class Solution {\n    public boolean isPalindrome(int x) {\n        if (x < 0 || (x % 10 == 0 && x != 0)) {\n            return false;\n        }\n\n        int revertedNumber = 0;\n        while (x > revertedNumber) {\n            revertedNumber = revertedNumber * 10 + x % 10;\n            x /= 10;\n        }\n        return x == revertedNumber || x == revertedNumber / 10;\n    }\n}', '{\"inputList\":[\"121\",\"12321\",\"-121\",\"10\"],\"outputList\":[\"true\",\"true\",\"false\",\"false\"],\"message\":\"答案正确\",\"time\":94,\"memory\":12997}', 2, 1, '2024-12-08 22:45:32', '2024-12-13 22:45:33', 0);
INSERT INTO `oj_question_submit` VALUES (123, 25, 1, 'java', 'class Solution {\n    public int reverse(int x) {\n        int rev = 0;\n        while (x != 0) {\n            if (rev < Integer.MIN_VALUE / 10 || rev > Integer.MAX_VALUE / 10) {\n                return 0;\n            }\n            int digit = x % 10;\n            x /= 10;\n            rev = rev * 10 + digit;\n        }\n        return rev;\n    }\n}', '{\"inputList\":[\"123\",\"-123\",\"120\"],\"outputList\":[\"321\",\"-321\",\"21\"],\"expectedResult\":[],\"message\":\"答案正确\",\"time\":112,\"memory\":12820}', 2, 1, '2024-12-09 23:56:54', '2024-12-13 23:56:55', 0);
INSERT INTO `oj_question_submit` VALUES (124, 25, 1, 'java', 'class Solution {\n    public int reverse(int x) {\n\n        String str = null;\n        if (str.length() == 1) {\n            return 1;\n        }\n\n        int rev = 0;\n        while (x != 0) {\n            if (rev < Integer.MIN_VALUE / 10 || rev > Integer.MAX_VALUE / 10) {\n                return 0;\n            }\n            int digit = x % 10;\n            x /= 10;\n            rev = rev * 10 + digit;\n        }\n        return rev;\n    }\n}', '{\"inputList\":[\"123\",\"-123\",\"120\"],\"outputList\":[\"Exception in thread \\\"main\\\" java.lang.NullPointerException\\n\\tat Solution.reverse(Solution.java:5)\\n\\tat Solution.main(Solution.java:23)\",\"Exception in thread \\\"main\\\" java.lang.NullPointerException\\n\\tat Solution.reverse(Solution.java:5)\\n\\tat Solution.main(Solution.java:23)\",\"Exception in thread \\\"main\\\" java.lang.NullPointerException\\n\\tat Solution.reverse(Solution.java:5)\\n\\tat Solution.main(Solution.java:23)\"],\"message\":\"运行时错误\",\"time\":94,\"memory\":13091}', 2, 2, '2024-12-13 23:57:35', '2024-12-13 23:57:36', 0);
INSERT INTO `oj_question_submit` VALUES (125, 25, 1, 'java', 'class Solution {\n    public int reverse(int x) {\n\n        int rev = 0;\n        while (x != 0) {\n            if (rev < Integer.MIN_VALUE / 10 || rev > Integer.MAX_VALUE / 10) {\n                return 0;\n            }\n            int digit = x % 10;\n            x /= 10;\n            rev = rev * 10 + digit;\n        }\n    }\n}', '{\"message\":\"编译错误\",\"time\":0,\"memory\":0}', 2, 3, '2024-12-07 23:57:46', '2024-12-13 23:57:46', 0);
INSERT INTO `oj_question_submit` VALUES (126, 22, 1, 'java', 'public class Solution {\n    public boolean isPalindrome(int x) {\n        long ONE_HOUR = 60 * 60 * 1000L;\n        try {\n            Thread.sleep(ONE_HOUR);\n        } catch (InterruptedException e) {\n            throw new RuntimeException(e);\n        }\n        if (x < 0 || (x % 10 == 0 && x != 0)) {\n            return false;\n        }\n\n        int revertedNumber = 0;\n        while (x > revertedNumber) {\n            revertedNumber = revertedNumber * 10 + x % 10;\n            x /= 10;\n        }\n        return x == revertedNumber || x == revertedNumber / 10;\n    }\n}', '{}', 1, 3, '2024-12-08 02:28:28', '2024-12-14 02:28:38', 0);
INSERT INTO `oj_question_submit` VALUES (127, 22, 1, 'java', 'public class Solution {\n    public boolean isPalindrome(int x) {\n        long ONE_HOUR = 60 * 60 * 1000L;\n        try {\n            Thread.sleep(ONE_HOUR);\n        } catch (InterruptedException e) {\n            throw new RuntimeException(e);\n        }\n        if (x < 0 || (x % 10 == 0 && x != 0)) {\n            return false;\n        }\n\n        int revertedNumber = 0;\n        while (x > revertedNumber) {\n            revertedNumber = revertedNumber * 10 + x % 10;\n            x /= 10;\n        }\n        return x == revertedNumber || x == revertedNumber / 10;\n    }\n}', '{}', 1, 3, '2024-12-14 02:32:18', '2024-12-14 02:32:28', 0);
INSERT INTO `oj_question_submit` VALUES (128, 22, 1, 'java', 'public class Solution {\n    public boolean isPalindrome(int x) {\n        long ONE_HOUR = 60 * 60 * 1000L;\n        try {\n            Thread.sleep(ONE_HOUR);\n        } catch (InterruptedException e) {\n            throw new RuntimeException(e);\n        }\n        if (x < 0 || (x % 10 == 0 && x != 0)) {\n            return false;\n        }\n\n        int revertedNumber = 0;\n        while (x > revertedNumber) {\n            revertedNumber = revertedNumber * 10 + x % 10;\n            x /= 10;\n        }\n        return x == revertedNumber || x == revertedNumber / 10;\n    }\n}', '{}', 1, 3, '2024-12-14 02:33:42', '2024-12-14 02:33:52', 0);
INSERT INTO `oj_question_submit` VALUES (129, 22, 1, 'java', 'public class Solution {\n    public boolean isPalindrome(int x) {\n        long ONE_HOUR = 60 * 60 * 1000L;\n        try {\n            Thread.sleep(ONE_HOUR);\n        } catch (InterruptedException e) {\n            throw new RuntimeException(e);\n        }\n        if (x < 0 || (x % 10 == 0 && x != 0)) {\n            return false;\n        }\n\n        int revertedNumber = 0;\n        while (x > revertedNumber) {\n            revertedNumber = revertedNumber * 10 + x % 10;\n            x /= 10;\n        }\n        return x == revertedNumber || x == revertedNumber / 10;\n    }\n}', '{}', 1, 3, '2024-12-14 02:36:42', '2024-12-14 02:36:52', 0);
INSERT INTO `oj_question_submit` VALUES (130, 22, 1, 'java', 'public class Solution {\n    public boolean isPalindrome(int x) {\n        long ONE_HOUR = 60 * 60 * 1000L;\n        try {\n            Thread.sleep(ONE_HOUR);\n        } catch (InterruptedException e) {\n            throw new RuntimeException(e);\n        }\n        if (x < 0 || (x % 10 == 0 && x != 0)) {\n            return false;\n        }\n\n        int revertedNumber = 0;\n        while (x > revertedNumber) {\n            revertedNumber = revertedNumber * 10 + x % 10;\n            x /= 10;\n        }\n        return x == revertedNumber || x == revertedNumber / 10;\n    }\n}', '{}', 1, 3, '2024-12-14 02:37:49', '2024-12-14 02:38:17', 0);
INSERT INTO `oj_question_submit` VALUES (131, 22, 1, 'java', 'public class Solution {\n    public boolean isPalindrome(int x) {\n        long ONE_HOUR = 60 * 60 * 1000L;\n        try {\n            Thread.sleep(ONE_HOUR);\n        } catch (InterruptedException e) {\n            throw new RuntimeException(e);\n        }\n        if (x < 0 || (x % 10 == 0 && x != 0)) {\n            return false;\n        }\n\n        int revertedNumber = 0;\n        while (x > revertedNumber) {\n            revertedNumber = revertedNumber * 10 + x % 10;\n            x /= 10;\n        }\n        return x == revertedNumber || x == revertedNumber / 10;\n    }\n}', '{\"inputList\":[\"121\",\"12321\",\"-121\",\"10\"],\"outputList\":[\"\",\"\",\"\",\"\"],\"message\":\"超时\",\"time\":10019,\"memory\":15872}', 2, 5, '2024-12-14 02:40:27', '2024-12-14 02:41:07', 0);
INSERT INTO `oj_question_submit` VALUES (132, 22, 1, 'java', 'public class Solution {\n    public boolean isPalindrome(int x) {\n        long ONE_HOUR = 60 * 60 * 1000L;\n        try {\n            Thread.sleep(ONE_HOUR);\n        } catch (InterruptedException e) {\n            throw new RuntimeException(e);\n        }\n        if (x < 0 || (x % 10 == 0 && x != 0)) {\n            return false;\n        }\n\n        int revertedNumber = 0;\n        while (x > revertedNumber) {\n            revertedNumber = revertedNumber * 10 + x % 10;\n            x /= 10;\n        }\n        return x == revertedNumber || x == revertedNumber / 10;\n    }\n}', '{\"inputList\":[\"121\",\"12321\",\"-121\",\"10\"],\"outputList\":[\"\",\"\",\"\",\"\"],\"message\":\"超时\",\"time\":10021,\"memory\":15891}', 2, 5, '2024-12-14 02:43:23', '2024-12-14 02:44:03', 0);
INSERT INTO `oj_question_submit` VALUES (133, 22, 1, 'java', 'public class Solution {\n    public boolean isPalindrome(int x) {\n        List<byte[]> bytes = new ArrayList<>();\n        while (true) {\n            bytes.add(new byte[10000]);\n        }\n    }\n}', '{\"message\":\"编译错误\",\"time\":0,\"memory\":0}', 2, 3, '2024-12-14 02:47:43', '2024-12-14 02:47:43', 0);
INSERT INTO `oj_question_submit` VALUES (134, 22, 1, 'java', 'import java.util.ArrayList;\nimport java.util.List;\n\npublic class Solution {\n    public boolean isPalindrome(int x) {\n        List<byte[]> bytes = new ArrayList<>();\n        while (true) {\n            bytes.add(new byte[10000]);\n        }\n    }\n}', '{\"inputList\":[\"121\",\"12321\",\"-121\",\"10\"],\"outputList\":[\"Exception in thread \\\"main\\\" java.lang.OutOfMemoryError: Java heap space\\n\\tat Solution.isPalindrome(Solution.java:8)\\n\\tat Solution.main(Solution.java:14)\",\"Exception in thread \\\"main\\\" java.lang.OutOfMemoryError: Java heap space\\n\\tat Solution.isPalindrome(Solution.java:8)\\n\\tat Solution.main(Solution.java:14)\",\"Exception in thread \\\"main\\\" java.lang.OutOfMemoryError: Java heap space\\n\\tat Solution.isPalindrome(Solution.java:8)\\n\\tat Solution.main(Solution.java:14)\",\"Exception in thread \\\"main\\\" java.lang.OutOfMemoryError: Java heap space\\n\\tat Solution.isPalindrome(Solution.java:8)\\n\\tat Solution.main(Solution.java:14)\"],\"message\":\"运行时错误\",\"time\":185,\"memory\":15856}', 2, 3, '2024-12-14 02:50:17', '2024-12-14 02:50:19', 0);
INSERT INTO `oj_question_submit` VALUES (135, 27, 1, 'java', 'import java.io.File;\nimport java.io.IOException;\nimport java.nio.file.Files;\nimport java.nio.file.Paths;\nimport java.util.List;\n\npublic class Solution {\n    public String isPalindrome() {\n        String userDir = System.getProperty(\"user.dir\");\n        String filePath = userDir + File.separator + \"src/main/resources/application.yml\";\n        List<String> allLines = null;\n        try {\n            allLines = Files.readAllLines(Paths.get(filePath));\n        } catch (IOException e) {\n            throw new RuntimeException(e);\n        }\n        return String.join(\"\\n\", allLines);\n    }\n}', '{\"inputList\":[\"123\",\"123\"],\"outputList\":[\"server:\\n  port: 8200\\n\",\"server:\\n  port: 8200\\n\"],\"message\":\"答案错误\",\"time\":140,\"memory\":15757}', 2, 2, '2024-12-14 03:00:39', '2024-12-14 03:00:40', 0);
INSERT INTO `oj_question_submit` VALUES (136, 27, 1, 'java', 'import java.io.File;\nimport java.io.IOException;\nimport java.nio.file.Files;\nimport java.nio.file.Paths;\nimport java.util.List;\n\npublic class Solution {\n    public String isPalindrome() {\n        String userDir = System.getProperty(\"user.dir\");\n        String filePath = userDir + File.separator + \"src/main/resources/application.yml\";\n        List<String> allLines = null;\n        try {\n            allLines = Files.readAllLines(Paths.get(filePath));\n        } catch (IOException e) {\n            throw new RuntimeException(e);\n        }\n        return String.join(\"\\n\", allLines);\n    }\n}', '{\"inputList\":[\"123\",\"123\"],\"outputList\":[\"Error occurred during initialization of VM\\njava.lang.Error: Could not create SecurityManager\\n\\tat java.lang.System.initPhase3(java.base@11.0.19/System.java:2061)\\nCaused by: java.lang.ClassNotFoundException: %s\\n\\tat jdk.internal.loader.BuiltinClassLoader.loadClass(java.base@11.0.19/BuiltinClassLoader.java:581)\\n\\tat jdk.internal.loader.ClassLoaders$AppClassLoader.loadClass(java.base@11.0.19/ClassLoaders.java:178)\\n\\tat java.lang.ClassLoader.loadClass(java.base@11.0.19/ClassLoader.java:521)\\n\\tat java.lang.Class.forName0(java.base@11.0.19/Native Method)\\n\\tat java.lang.Class.forName(java.base@11.0.19/Class.java:398)\\n\\tat java.lang.System.initPhase3(java.base@11.0.19/System.java:2046)\\n\",\"Error occurred during initialization of VM\\njava.lang.Error: Could not create SecurityManager\\n\\tat java.lang.System.initPhase3(java.base@11.0.19/System.java:2061)\\nCaused by: java.lang.ClassNotFoundException: %s\\n\\tat jdk.internal.loader.BuiltinClassLoader.loadClass(java.base@11.0.19/BuiltinClassLoader.java:581)\\n\\tat jdk.internal.loader.ClassLoaders$AppClassLoader.loadClass(java.base@11.0.19/ClassLoaders.java:178)\\n\\tat java.lang.ClassLoader.loadClass(java.base@11.0.19/ClassLoader.java:521)\\n\\tat java.lang.Class.forName0(java.base@11.0.19/Native Method)\\n\\tat java.lang.Class.forName(java.base@11.0.19/Class.java:398)\\n\\tat java.lang.System.initPhase3(java.base@11.0.19/System.java:2046)\\n\"],\"message\":\"答案错误\",\"time\":84,\"memory\":15363}', 2, 3, '2024-12-14 03:10:10', '2024-12-14 03:10:10', 0);
INSERT INTO `oj_question_submit` VALUES (137, 22, 1, 'java', 'public class Solution {\n    public boolean isPalindrome(int x) {\n    }\n}', '{\"message\":\"编译错误\",\"time\":0,\"memory\":0}', 2, 3, '2024-12-15 00:49:54', '2024-12-15 00:49:55', 0);
INSERT INTO `oj_question_submit` VALUES (138, 22, 1, 'java', 'public class Solution {\n    public boolean isPalindrome(int x) {\n    }\n}', '{\"message\":\"编译错误\",\"time\":0,\"memory\":0}', 2, 3, '2024-12-15 00:50:25', '2024-12-15 00:50:26', 0);
INSERT INTO `oj_question_submit` VALUES (139, 22, 1, 'java', 'public class Solution {\n    public boolean isPalindrome(int x) {\n        if (x < 0 || (x % 10 == 0 && x != 0)) {\n            return false;\n        }\n\n        int revertedNumber = 0;\n        while (x > revertedNumber) {\n            revertedNumber = revertedNumber * 10 + x % 10;\n            x /= 10;\n        }\n        return x == revertedNumber || x == revertedNumber / 10;\n    }\n}', '{\"inputList\":[\"121\",\"12321\",\"-121\",\"10\"],\"outputList\":[\"Error occurred during initialization of VM\\njava.lang.Error: Could not create SecurityManager\\n\\tat java.lang.System.initPhase3(java.base@11.0.19/System.java:2061)\\nCaused by: java.lang.ClassNotFoundException: %s\\n\\tat jdk.internal.loader.BuiltinClassLoader.loadClass(java.base@11.0.19/BuiltinClassLoader.java:581)\\n\\tat jdk.internal.loader.ClassLoaders$AppClassLoader.loadClass(java.base@11.0.19/ClassLoaders.java:178)\\n\\tat java.lang.ClassLoader.loadClass(java.base@11.0.19/ClassLoader.java:521)\\n\\tat java.lang.Class.forName0(java.base@11.0.19/Native Method)\\n\\tat java.lang.Class.forName(java.base@11.0.19/Class.java:398)\\n\\tat java.lang.System.initPhase3(java.base@11.0.19/System.java:2046)\\n\",\"Error occurred during initialization of VM\\njava.lang.Error: Could not create SecurityManager\\n\\tat java.lang.System.initPhase3(java.base@11.0.19/System.java:2061)\\nCaused by: java.lang.ClassNotFoundException: %s\\n\\tat jdk.internal.loader.BuiltinClassLoader.loadClass(java.base@11.0.19/BuiltinClassLoader.java:581)\\n\\tat jdk.internal.loader.ClassLoaders$AppClassLoader.loadClass(java.base@11.0.19/ClassLoaders.java:178)\\n\\tat java.lang.ClassLoader.loadClass(java.base@11.0.19/ClassLoader.java:521)\\n\\tat java.lang.Class.forName0(java.base@11.0.19/Native Method)\\n\\tat java.lang.Class.forName(java.base@11.0.19/Class.java:398)\\n\\tat java.lang.System.initPhase3(java.base@11.0.19/System.java:2046)\\n\",\"Error occurred during initialization of VM\\njava.lang.Error: Could not create SecurityManager\\n\\tat java.lang.System.initPhase3(java.base@11.0.19/System.java:2061)\\nCaused by: java.lang.ClassNotFoundException: %s\\n\\tat jdk.internal.loader.BuiltinClassLoader.loadClass(java.base@11.0.19/BuiltinClassLoader.java:581)\\n\\tat jdk.internal.loader.ClassLoaders$AppClassLoader.loadClass(java.base@11.0.19/ClassLoaders.java:178)\\n\\tat java.lang.ClassLoader.loadClass(java.base@11.0.19/ClassLoader.java:521)\\n\\tat java.lang.Class.forName0(java.base@11.0.19/Native Method)\\n\\tat java.lang.Class.forName(java.base@11.0.19/Class.java:398)\\n\\tat java.lang.System.initPhase3(java.base@11.0.19/System.java:2046)\\n\",\"Error occurred during initialization of VM\\njava.lang.Error: Could not create SecurityManager\\n\\tat java.lang.System.initPhase3(java.base@11.0.19/System.java:2061)\\nCaused by: java.lang.ClassNotFoundException: %s\\n\\tat jdk.internal.loader.BuiltinClassLoader.loadClass(java.base@11.0.19/BuiltinClassLoader.java:581)\\n\\tat jdk.internal.loader.ClassLoaders$AppClassLoader.loadClass(java.base@11.0.19/ClassLoaders.java:178)\\n\\tat java.lang.ClassLoader.loadClass(java.base@11.0.19/ClassLoader.java:521)\\n\\tat java.lang.Class.forName0(java.base@11.0.19/Native Method)\\n\\tat java.lang.Class.forName(java.base@11.0.19/Class.java:398)\\n\\tat java.lang.System.initPhase3(java.base@11.0.19/System.java:2046)\\n\"],\"message\":\"答案错误\",\"time\":143,\"memory\":15549}', 2, 2, '2024-12-15 14:55:17', '2024-12-15 14:55:18', 0);
INSERT INTO `oj_question_submit` VALUES (140, 22, 1, 'java', 'public class Solution {\n    public boolean isPalindrome(int x) {\n        if (x < 0 || (x % 10 == 0 && x != 0)) {\n            return false;\n        }\n\n        int revertedNumber = 0;\n        while (x > revertedNumber) {\n            revertedNumber = revertedNumber * 10 + x % 10;\n            x /= 10;\n        }\n        return x == revertedNumber || x == revertedNumber / 10;\n    }\n}', '{\"inputList\":[\"121\",\"12321\",\"-121\",\"10\"],\"outputList\":[\"Error occurred during initialization of VM\\njava.lang.Error: Could not create SecurityManager\\n\\tat java.lang.System.initPhase3(java.base@11.0.19/System.java:2061)\\nCaused by: java.lang.ClassNotFoundException: %s\\n\\tat jdk.internal.loader.BuiltinClassLoader.loadClass(java.base@11.0.19/BuiltinClassLoader.java:581)\\n\\tat jdk.internal.loader.ClassLoaders$AppClassLoader.loadClass(java.base@11.0.19/ClassLoaders.java:178)\\n\\tat java.lang.ClassLoader.loadClass(java.base@11.0.19/ClassLoader.java:521)\\n\\tat java.lang.Class.forName0(java.base@11.0.19/Native Method)\\n\\tat java.lang.Class.forName(java.base@11.0.19/Class.java:398)\\n\\tat java.lang.System.initPhase3(java.base@11.0.19/System.java:2046)\\n\",\"Error occurred during initialization of VM\\njava.lang.Error: Could not create SecurityManager\\n\\tat java.lang.System.initPhase3(java.base@11.0.19/System.java:2061)\\nCaused by: java.lang.ClassNotFoundException: %s\\n\\tat jdk.internal.loader.BuiltinClassLoader.loadClass(java.base@11.0.19/BuiltinClassLoader.java:581)\\n\\tat jdk.internal.loader.ClassLoaders$AppClassLoader.loadClass(java.base@11.0.19/ClassLoaders.java:178)\\n\\tat java.lang.ClassLoader.loadClass(java.base@11.0.19/ClassLoader.java:521)\\n\\tat java.lang.Class.forName0(java.base@11.0.19/Native Method)\\n\\tat java.lang.Class.forName(java.base@11.0.19/Class.java:398)\\n\\tat java.lang.System.initPhase3(java.base@11.0.19/System.java:2046)\\n\",\"Error occurred during initialization of VM\\njava.lang.Error: Could not create SecurityManager\\n\\tat java.lang.System.initPhase3(java.base@11.0.19/System.java:2061)\\nCaused by: java.lang.ClassNotFoundException: %s\\n\\tat jdk.internal.loader.BuiltinClassLoader.loadClass(java.base@11.0.19/BuiltinClassLoader.java:581)\\n\\tat jdk.internal.loader.ClassLoaders$AppClassLoader.loadClass(java.base@11.0.19/ClassLoaders.java:178)\\n\\tat java.lang.ClassLoader.loadClass(java.base@11.0.19/ClassLoader.java:521)\\n\\tat java.lang.Class.forName0(java.base@11.0.19/Native Method)\\n\\tat java.lang.Class.forName(java.base@11.0.19/Class.java:398)\\n\\tat java.lang.System.initPhase3(java.base@11.0.19/System.java:2046)\\n\",\"Error occurred during initialization of VM\\njava.lang.Error: Could not create SecurityManager\\n\\tat java.lang.System.initPhase3(java.base@11.0.19/System.java:2061)\\nCaused by: java.lang.ClassNotFoundException: %s\\n\\tat jdk.internal.loader.BuiltinClassLoader.loadClass(java.base@11.0.19/BuiltinClassLoader.java:581)\\n\\tat jdk.internal.loader.ClassLoaders$AppClassLoader.loadClass(java.base@11.0.19/ClassLoaders.java:178)\\n\\tat java.lang.ClassLoader.loadClass(java.base@11.0.19/ClassLoader.java:521)\\n\\tat java.lang.Class.forName0(java.base@11.0.19/Native Method)\\n\\tat java.lang.Class.forName(java.base@11.0.19/Class.java:398)\\n\\tat java.lang.System.initPhase3(java.base@11.0.19/System.java:2046)\\n\"],\"message\":\"答案错误\",\"time\":75,\"memory\":15561}', 2, 2, '2024-12-15 14:56:34', '2024-12-15 14:57:49', 0);
INSERT INTO `oj_question_submit` VALUES (141, 22, 1, 'java', 'public class Solution {\n    public boolean isPalindrome(int x) {\n        if (x < 0 || (x % 10 == 0 && x != 0)) {\n            return false;\n        }\n\n        int revertedNumber = 0;\n        while (x > revertedNumber) {\n            revertedNumber = revertedNumber * 10 + x % 10;\n            x /= 10;\n        }\n        return x == revertedNumber || x == revertedNumber / 10;\n    }\n}', '{\"inputList\":[\"121\",\"12321\",\"-121\",\"10\"],\"outputList\":[\"閿欒: 鎵句笉鍒版垨鏃犳硶鍔犺浇涓荤被 %s\\n鍘熷洜: java.lang.ClassNotFoundException: %s\",\"閿欒: 鎵句笉鍒版垨鏃犳硶鍔犺浇涓荤被 %s\\n鍘熷洜: java.lang.ClassNotFoundException: %s\",\"閿欒: 鎵句笉鍒版垨鏃犳硶鍔犺浇涓荤被 %s\\n鍘熷洜: java.lang.ClassNotFoundException: %s\",\"閿欒: 鎵句笉鍒版垨鏃犳硶鍔犺浇涓荤被 %s\\n鍘熷洜: java.lang.ClassNotFoundException: %s\"],\"message\":\"运行时错误\",\"time\":116,\"memory\":15489}', 2, 2, '2024-12-15 15:05:59', '2024-12-15 15:06:41', 0);
INSERT INTO `oj_question_submit` VALUES (142, 22, 1, 'java', 'public class Solution {\n    public boolean isPalindrome(int x) {\n        if (x < 0 || (x % 10 == 0 && x != 0)) {\n            return false;\n        }\n\n        int revertedNumber = 0;\n        while (x > revertedNumber) {\n            revertedNumber = revertedNumber * 10 + x % 10;\n            x /= 10;\n        }\n        return x == revertedNumber || x == revertedNumber / 10;\n    }\n}', '{\"inputList\":[\"121\",\"12321\",\"-121\",\"10\"],\"outputList\":[\"閿欒: 鎵句笉鍒版垨鏃犳硶鍔犺浇涓荤被 %s\\n鍘熷洜: java.lang.ClassNotFoundException: %s\",\"閿欒: 鎵句笉鍒版垨鏃犳硶鍔犺浇涓荤被 %s\\n鍘熷洜: java.lang.ClassNotFoundException: %s\",\"閿欒: 鎵句笉鍒版垨鏃犳硶鍔犺浇涓荤被 %s\\n鍘熷洜: java.lang.ClassNotFoundException: %s\",\"閿欒: 鎵句笉鍒版垨鏃犳硶鍔犺浇涓荤被 %s\\n鍘熷洜: java.lang.ClassNotFoundException: %s\"],\"message\":\"运行时错误\",\"time\":107,\"memory\":15445}', 2, 2, '2024-12-15 15:08:19', '2024-12-15 15:08:46', 0);
INSERT INTO `oj_question_submit` VALUES (143, 22, 1, 'java', 'public class Solution {\n    public boolean isPalindrome(int x) {\n        if (x < 0 || (x % 10 == 0 && x != 0)) {\n            return false;\n        }\n\n        int revertedNumber = 0;\n        while (x > revertedNumber) {\n            revertedNumber = revertedNumber * 10 + x % 10;\n            x /= 10;\n        }\n        return x == revertedNumber || x == revertedNumber / 10;\n    }\n}', '{\"inputList\":[\"121\",\"12321\",\"-121\",\"10\"],\"outputList\":[\"閿欒: 鎵句笉鍒版垨鏃犳硶鍔犺浇涓荤被 %s\\n鍘熷洜: java.lang.ClassNotFoundException: %s\",\"閿欒: 鎵句笉鍒版垨鏃犳硶鍔犺浇涓荤被 %s\\n鍘熷洜: java.lang.ClassNotFoundException: %s\",\"閿欒: 鎵句笉鍒版垨鏃犳硶鍔犺浇涓荤被 %s\\n鍘熷洜: java.lang.ClassNotFoundException: %s\",\"閿欒: 鎵句笉鍒版垨鏃犳硶鍔犺浇涓荤被 %s\\n鍘熷洜: java.lang.ClassNotFoundException: %s\"],\"message\":\"运行时错误\",\"time\":104,\"memory\":15485}', 2, 2, '2024-12-15 15:09:24', '2024-12-15 15:09:52', 0);
INSERT INTO `oj_question_submit` VALUES (144, 22, 1, 'java', 'public class Solution {\n    public boolean isPalindrome(int x) {\n        if (x < 0 || (x % 10 == 0 && x != 0)) {\n            return false;\n        }\n\n        int revertedNumber = 0;\n        while (x > revertedNumber) {\n            revertedNumber = revertedNumber * 10 + x % 10;\n            x /= 10;\n        }\n        return x == revertedNumber || x == revertedNumber / 10;\n    }\n}', '{\"inputList\":[\"121\",\"12321\",\"-121\",\"10\"],\"outputList\":[\"错误: 找不到或无法加载主类 %s\\n原因: java.lang.ClassNotFoundException: %s\",\"错误: 找不到或无法加载主类 %s\\n原因: java.lang.ClassNotFoundException: %s\",\"错误: 找不到或无法加载主类 %s\\n原因: java.lang.ClassNotFoundException: %s\",\"错误: 找不到或无法加载主类 %s\\n原因: java.lang.ClassNotFoundException: %s\"],\"message\":\"运行时错误\",\"time\":132,\"memory\":15442}', 2, 2, '2024-12-15 15:10:18', '2024-12-15 15:10:55', 0);
INSERT INTO `oj_question_submit` VALUES (145, 22, 1, 'java', 'public class Solution {\n    public boolean isPalindrome(int x) {\n        if (x < 0 || (x % 10 == 0 && x != 0)) {\n            return false;\n        }\n\n        int revertedNumber = 0;\n        while (x > revertedNumber) {\n            revertedNumber = revertedNumber * 10 + x % 10;\n            x /= 10;\n        }\n        return x == revertedNumber || x == revertedNumber / 10;\n    }\n}', '{\"inputList\":[\"121\",\"12321\",\"-121\",\"10\"],\"outputList\":[\"错误: 找不到或无法加载主类 %s\\n原因: java.lang.ClassNotFoundException: %s\",\"错误: 找不到或无法加载主类 %s\\n原因: java.lang.ClassNotFoundException: %s\",\"错误: 找不到或无法加载主类 %s\\n原因: java.lang.ClassNotFoundException: %s\",\"错误: 找不到或无法加载主类 %s\\n原因: java.lang.ClassNotFoundException: %s\"],\"message\":\"运行时错误\",\"time\":109,\"memory\":15497}', 2, 2, '2024-12-15 15:11:23', '2024-12-15 15:12:01', 0);
INSERT INTO `oj_question_submit` VALUES (146, 22, 1, 'java', 'public class Solution {\n    public boolean isPalindrome(int x) {\n        if (x < 0 || (x % 10 == 0 && x != 0)) {\n            return false;\n        }\n\n        int revertedNumber = 0;\n        while (x > revertedNumber) {\n            revertedNumber = revertedNumber * 10 + x % 10;\n            x /= 10;\n        }\n        return x == revertedNumber || x == revertedNumber / 10;\n    }\n}', '{\"inputList\":[\"121\",\"12321\",\"-121\",\"10\"],\"outputList\":[\"错误: 找不到或无法加载主类 MySecurityManager.class\\n原因: java.lang.ClassNotFoundException: MySecurityManager.class\",\"错误: 找不到或无法加载主类 MySecurityManager.class\\n原因: java.lang.ClassNotFoundException: MySecurityManager.class\",\"错误: 找不到或无法加载主类 MySecurityManager.class\\n原因: java.lang.ClassNotFoundException: MySecurityManager.class\",\"错误: 找不到或无法加载主类 MySecurityManager.class\\n原因: java.lang.ClassNotFoundException: MySecurityManager.class\"],\"message\":\"运行时错误\",\"time\":112,\"memory\":15544}', 2, 2, '2024-12-15 15:17:00', '2024-12-15 15:17:16', 0);
INSERT INTO `oj_question_submit` VALUES (147, 22, 1, 'java', 'public class Solution {\n    public boolean isPalindrome(int x) {\n        if (x < 0 || (x % 10 == 0 && x != 0)) {\n            return false;\n        }\n\n        int revertedNumber = 0;\n        while (x > revertedNumber) {\n            revertedNumber = revertedNumber * 10 + x % 10;\n            x /= 10;\n        }\n        return x == revertedNumber || x == revertedNumber / 10;\n    }\n}', '{\"inputList\":[\"121\",\"12321\",\"-121\",\"10\"],\"outputList\":[\"错误: 在类 MySecurityManager 中找不到 main 方法, 请将 main 方法定义为:\\n   public static void main(String[] args)\\n否则 JavaFX 应用程序类必须扩展javafx.application.Application\",\"错误: 在类 MySecurityManager 中找不到 main 方法, 请将 main 方法定义为:\\n   public static void main(String[] args)\\n否则 JavaFX 应用程序类必须扩展javafx.application.Application\",\"错误: 在类 MySecurityManager 中找不到 main 方法, 请将 main 方法定义为:\\n   public static void main(String[] args)\\n否则 JavaFX 应用程序类必须扩展javafx.application.Application\",\"错误: 在类 MySecurityManager 中找不到 main 方法, 请将 main 方法定义为:\\n   public static void main(String[] args)\\n否则 JavaFX 应用程序类必须扩展javafx.application.Application\"],\"message\":\"运行时错误\",\"time\":112,\"memory\":15691}', 2, 2, '2024-12-15 15:17:34', '2024-12-15 15:31:17', 0);
INSERT INTO `oj_question_submit` VALUES (148, 22, 1, 'java', 'public class Solution {\n    public boolean isPalindrome(int x) {\n        if (x < 0 || (x % 10 == 0 && x != 0)) {\n            return false;\n        }\n\n        int revertedNumber = 0;\n        while (x > revertedNumber) {\n            revertedNumber = revertedNumber * 10 + x % 10;\n            x /= 10;\n        }\n        return x == revertedNumber || x == revertedNumber / 10;\n    }\n}', '{\"inputList\":[\"121\",\"12321\",\"-121\",\"10\"],\"outputList\":[\"错误: 在类 MySecurityManager 中找不到 main 方法, 请将 main 方法定义为:\\n   public static void main(String[] args)\\n否则 JavaFX 应用程序类必须扩展javafx.application.Application\",\"错误: 在类 MySecurityManager 中找不到 main 方法, 请将 main 方法定义为:\\n   public static void main(String[] args)\\n否则 JavaFX 应用程序类必须扩展javafx.application.Application\",\"错误: 在类 MySecurityManager 中找不到 main 方法, 请将 main 方法定义为:\\n   public static void main(String[] args)\\n否则 JavaFX 应用程序类必须扩展javafx.application.Application\",\"错误: 在类 MySecurityManager 中找不到 main 方法, 请将 main 方法定义为:\\n   public static void main(String[] args)\\n否则 JavaFX 应用程序类必须扩展javafx.application.Application\"],\"message\":\"运行时错误\",\"time\":173,\"memory\":15505}', 2, 2, '2024-12-15 15:31:31', '2024-12-15 15:31:32', 0);
INSERT INTO `oj_question_submit` VALUES (149, 22, 1, 'java', 'public class Solution {\n    public boolean isPalindrome(int x) {\n        if (x < 0 || (x % 10 == 0 && x != 0)) {\n            return false;\n        }\n\n        int revertedNumber = 0;\n        while (x > revertedNumber) {\n            revertedNumber = revertedNumber * 10 + x % 10;\n            x /= 10;\n        }\n        return x == revertedNumber || x == revertedNumber / 10;\n    }\n}', '{\"inputList\":[\"121\",\"12321\",\"-121\",\"10\"],\"outputList\":[\"true\",\"true\",\"false\",\"false\"],\"message\":\"答案正确\",\"time\":126,\"memory\":15503}', 2, 1, '2024-12-15 15:32:20', '2024-12-15 15:32:21', 0);
INSERT INTO `oj_question_submit` VALUES (150, 22, 1, 'java', 'public class Solution {\n    public boolean isPalindrome(int x) {\n        if (x < 0 || (x % 10 == 0 && x != 0)) {\n            return false;\n        }\n\n        int revertedNumber = 0;\n        while (x > revertedNumber) {\n            revertedNumber = revertedNumber * 10 + x % 10;\n            x /= 10;\n        }\n        return x == revertedNumber || x == revertedNumber / 10;\n    }\n}', '{\"inputList\":[\"121\",\"12321\",\"-121\",\"10\"],\"outputList\":[\"错误: 在类 MySecurityManager 中找不到 main 方法, 请将 main 方法定义为:\\n   public static void main(String[] args)\\n否则 JavaFX 应用程序类必须扩展javafx.application.Application\",\"错误: 在类 MySecurityManager 中找不到 main 方法, 请将 main 方法定义为:\\n   public static void main(String[] args)\\n否则 JavaFX 应用程序类必须扩展javafx.application.Application\",\"错误: 在类 MySecurityManager 中找不到 main 方法, 请将 main 方法定义为:\\n   public static void main(String[] args)\\n否则 JavaFX 应用程序类必须扩展javafx.application.Application\",\"错误: 在类 MySecurityManager 中找不到 main 方法, 请将 main 方法定义为:\\n   public static void main(String[] args)\\n否则 JavaFX 应用程序类必须扩展javafx.application.Application\"],\"message\":\"运行时错误\",\"time\":118,\"memory\":15501}', 2, 2, '2024-12-15 15:34:43', '2024-12-15 15:39:08', 0);
INSERT INTO `oj_question_submit` VALUES (151, 22, 1, 'java', 'public class Solution {\n    public boolean isPalindrome(int x) {\n        if (x < 0 || (x % 10 == 0 && x != 0)) {\n            return false;\n        }\n\n        int revertedNumber = 0;\n        while (x > revertedNumber) {\n            revertedNumber = revertedNumber * 10 + x % 10;\n            x /= 10;\n        }\n        return x == revertedNumber || x == revertedNumber / 10;\n    }\n}', '{\"inputList\":[\"121\",\"12321\",\"-121\",\"10\"],\"outputList\":[\"错误: 在类 MySecurityManager 中找不到 main 方法, 请将 main 方法定义为:\\n   public static void main(String[] args)\\n否则 JavaFX 应用程序类必须扩展javafx.application.Application\",\"错误: 在类 MySecurityManager 中找不到 main 方法, 请将 main 方法定义为:\\n   public static void main(String[] args)\\n否则 JavaFX 应用程序类必须扩展javafx.application.Application\",\"错误: 在类 MySecurityManager 中找不到 main 方法, 请将 main 方法定义为:\\n   public static void main(String[] args)\\n否则 JavaFX 应用程序类必须扩展javafx.application.Application\",\"错误: 在类 MySecurityManager 中找不到 main 方法, 请将 main 方法定义为:\\n   public static void main(String[] args)\\n否则 JavaFX 应用程序类必须扩展javafx.application.Application\"],\"message\":\"运行时错误\",\"time\":116,\"memory\":45606}', 2, 2, '2024-12-15 15:39:38', '2024-12-15 15:39:47', 0);
INSERT INTO `oj_question_submit` VALUES (152, 22, 1, 'java', 'public class Solution {\n    public boolean isPalindrome(int x) {\n        if (x < 0 || (x % 10 == 0 && x != 0)) {\n            return false;\n        }\n\n        int revertedNumber = 0;\n        while (x > revertedNumber) {\n            revertedNumber = revertedNumber * 10 + x % 10;\n            x /= 10;\n        }\n        return x == revertedNumber || x == revertedNumber / 10;\n    }\n}', '{\"inputList\":[\"121\",\"12321\",\"-121\",\"10\"],\"outputList\":[\"错误: 找不到或无法加载主类 Main\\n原因: java.lang.ClassNotFoundException: Main\",\"错误: 找不到或无法加载主类 Main\\n原因: java.lang.ClassNotFoundException: Main\",\"错误: 找不到或无法加载主类 Main\\n原因: java.lang.ClassNotFoundException: Main\",\"错误: 找不到或无法加载主类 Main\\n原因: java.lang.ClassNotFoundException: Main\"],\"message\":\"运行时错误\",\"time\":0,\"memory\":15438}', 2, 2, '2024-12-15 15:45:06', '2024-12-15 15:45:23', 0);
INSERT INTO `oj_question_submit` VALUES (153, 22, 1, 'java', 'public class Solution {\n    public boolean isPalindrome(int x) {\n        if (x < 0 || (x % 10 == 0 && x != 0)) {\n            return false;\n        }\n\n        int revertedNumber = 0;\n        while (x > revertedNumber) {\n            revertedNumber = revertedNumber * 10 + x % 10;\n            x /= 10;\n        }\n        return x == revertedNumber || x == revertedNumber / 10;\n    }\n}', '{\"inputList\":[\"121\",\"12321\",\"-121\",\"10\"],\"outputList\":[\"错误: 找不到或无法加载主类 Solution\\n原因: java.lang.ClassNotFoundException: Solution\",\"错误: 找不到或无法加载主类 Solution\\n原因: java.lang.ClassNotFoundException: Solution\",\"错误: 找不到或无法加载主类 Solution\\n原因: java.lang.ClassNotFoundException: Solution\",\"错误: 找不到或无法加载主类 Solution\\n原因: java.lang.ClassNotFoundException: Solution\"],\"message\":\"运行时错误\",\"time\":0,\"memory\":15454}', 2, 2, '2024-12-15 15:45:47', '2024-12-15 15:46:03', 0);
INSERT INTO `oj_question_submit` VALUES (154, 22, 1, 'java', 'public class Solution {\n    public boolean isPalindrome(int x) {\n        if (x < 0 || (x % 10 == 0 && x != 0)) {\n            return false;\n        }\n\n        int revertedNumber = 0;\n        while (x > revertedNumber) {\n            revertedNumber = revertedNumber * 10 + x % 10;\n            x /= 10;\n        }\n        return x == revertedNumber || x == revertedNumber / 10;\n    }\n}', '{\"inputList\":[\"121\",\"12321\",\"-121\",\"10\"],\"outputList\":[\"错误: 在类 MySecurityManager 中找不到 main 方法, 请将 main 方法定义为:\\n   public static void main(String[] args)\\n否则 JavaFX 应用程序类必须扩展javafx.application.Application\",\"错误: 在类 MySecurityManager 中找不到 main 方法, 请将 main 方法定义为:\\n   public static void main(String[] args)\\n否则 JavaFX 应用程序类必须扩展javafx.application.Application\",\"错误: 在类 MySecurityManager 中找不到 main 方法, 请将 main 方法定义为:\\n   public static void main(String[] args)\\n否则 JavaFX 应用程序类必须扩展javafx.application.Application\",\"错误: 在类 MySecurityManager 中找不到 main 方法, 请将 main 方法定义为:\\n   public static void main(String[] args)\\n否则 JavaFX 应用程序类必须扩展javafx.application.Application\"],\"message\":\"运行时错误\",\"time\":136,\"memory\":15467}', 2, 2, '2024-12-15 15:49:35', '2024-12-15 15:49:54', 0);
INSERT INTO `oj_question_submit` VALUES (155, 22, 1, 'java', 'public class Solution {\n    public boolean isPalindrome(int x) {\n        if (x < 0 || (x % 10 == 0 && x != 0)) {\n            return false;\n        }\n\n        int revertedNumber = 0;\n        while (x > revertedNumber) {\n            revertedNumber = revertedNumber * 10 + x % 10;\n            x /= 10;\n        }\n        return x == revertedNumber || x == revertedNumber / 10;\n    }\n}', '{\"inputList\":[\"121\",\"12321\",\"-121\",\"10\"],\"outputList\":[\"错误: 在类 MySecurityManager 中找不到 main 方法, 请将 main 方法定义为:\\n   public static void main(String[] args)\\n否则 JavaFX 应用程序类必须扩展javafx.application.Application\",\"错误: 在类 MySecurityManager 中找不到 main 方法, 请将 main 方法定义为:\\n   public static void main(String[] args)\\n否则 JavaFX 应用程序类必须扩展javafx.application.Application\",\"错误: 在类 MySecurityManager 中找不到 main 方法, 请将 main 方法定义为:\\n   public static void main(String[] args)\\n否则 JavaFX 应用程序类必须扩展javafx.application.Application\",\"错误: 在类 MySecurityManager 中找不到 main 方法, 请将 main 方法定义为:\\n   public static void main(String[] args)\\n否则 JavaFX 应用程序类必须扩展javafx.application.Application\"],\"message\":\"运行时错误\",\"time\":6068,\"memory\":15952}', 2, 2, '2024-12-15 15:53:55', '2024-12-15 15:55:07', 0);
INSERT INTO `oj_question_submit` VALUES (156, 22, 1, 'java', 'public class Solution {\n    public boolean isPalindrome(int x) {\n        if (x < 0 || (x % 10 == 0 && x != 0)) {\n            return false;\n        }\n\n        int revertedNumber = 0;\n        while (x > revertedNumber) {\n            revertedNumber = revertedNumber * 10 + x % 10;\n            x /= 10;\n        }\n        return x == revertedNumber || x == revertedNumber / 10;\n    }\n}', '{\"inputList\":[\"121\",\"12321\",\"-121\",\"10\"],\"outputList\":[\"错误: 找不到或无法加载主类 MySecurityManager\\n原因: java.lang.NoClassDefFoundError: com/may/mayojcodesandbox/security/MySecurityManager (wrong name: MySecurityManager)\",\"错误: 找不到或无法加载主类 MySecurityManager\\n原因: java.lang.NoClassDefFoundError: com/may/mayojcodesandbox/security/MySecurityManager (wrong name: MySecurityManager)\",\"错误: 找不到或无法加载主类 MySecurityManager\\n原因: java.lang.NoClassDefFoundError: com/may/mayojcodesandbox/security/MySecurityManager (wrong name: MySecurityManager)\",\"错误: 找不到或无法加载主类 MySecurityManager\\n原因: java.lang.NoClassDefFoundError: com/may/mayojcodesandbox/security/MySecurityManager (wrong name: MySecurityManager)\"],\"message\":\"运行时错误\",\"time\":111,\"memory\":15449}', 2, 2, '2024-12-15 15:57:47', '2024-12-15 15:58:36', 0);
INSERT INTO `oj_question_submit` VALUES (157, 22, 1, 'java', 'public class Solution {\n    public boolean isPalindrome(int x) {\n        if (x < 0 || (x % 10 == 0 && x != 0)) {\n            return false;\n        }\n\n        int revertedNumber = 0;\n        while (x > revertedNumber) {\n            revertedNumber = revertedNumber * 10 + x % 10;\n            x /= 10;\n        }\n        return x == revertedNumber || x == revertedNumber / 10;\n    }\n}', '{\"inputList\":[\"121\",\"12321\",\"-121\",\"10\"],\"outputList\":[\"错误: 在类 MySecurityManager 中找不到 main 方法, 请将 main 方法定义为:\\n   public static void main(String[] args)\\n否则 JavaFX 应用程序类必须扩展javafx.application.Application\",\"错误: 在类 MySecurityManager 中找不到 main 方法, 请将 main 方法定义为:\\n   public static void main(String[] args)\\n否则 JavaFX 应用程序类必须扩展javafx.application.Application\",\"错误: 在类 MySecurityManager 中找不到 main 方法, 请将 main 方法定义为:\\n   public static void main(String[] args)\\n否则 JavaFX 应用程序类必须扩展javafx.application.Application\",\"错误: 在类 MySecurityManager 中找不到 main 方法, 请将 main 方法定义为:\\n   public static void main(String[] args)\\n否则 JavaFX 应用程序类必须扩展javafx.application.Application\"],\"message\":\"运行时错误\",\"time\":117,\"memory\":15538}', 2, 2, '2024-12-15 15:59:18', '2024-12-15 15:59:55', 0);
INSERT INTO `oj_question_submit` VALUES (158, 22, 1, 'java', 'public class Solution {\n    public boolean isPalindrome(int x) {\n        if (x < 0 || (x % 10 == 0 && x != 0)) {\n            return false;\n        }\n\n        int revertedNumber = 0;\n        while (x > revertedNumber) {\n            revertedNumber = revertedNumber * 10 + x % 10;\n            x /= 10;\n        }\n        return x == revertedNumber || x == revertedNumber / 10;\n    }\n}', '{\"inputList\":[\"121\",\"12321\",\"-121\",\"10\"],\"outputList\":[\"错误: 在类 MySecurityManager 中找不到 main 方法, 请将 main 方法定义为:\\n   public static void main(String[] args)\\n否则 JavaFX 应用程序类必须扩展javafx.application.Application\",\"错误: 在类 MySecurityManager 中找不到 main 方法, 请将 main 方法定义为:\\n   public static void main(String[] args)\\n否则 JavaFX 应用程序类必须扩展javafx.application.Application\",\"错误: 在类 MySecurityManager 中找不到 main 方法, 请将 main 方法定义为:\\n   public static void main(String[] args)\\n否则 JavaFX 应用程序类必须扩展javafx.application.Application\",\"错误: 在类 MySecurityManager 中找不到 main 方法, 请将 main 方法定义为:\\n   public static void main(String[] args)\\n否则 JavaFX 应用程序类必须扩展javafx.application.Application\"],\"message\":\"运行时错误\",\"time\":116,\"memory\":15576}', 2, 2, '2024-12-15 16:04:29', '2024-12-15 16:05:54', 0);
INSERT INTO `oj_question_submit` VALUES (159, 22, 1, 'java', 'public class Solution {\n    public boolean isPalindrome(int x) {\n        if (x < 0 || (x % 10 == 0 && x != 0)) {\n            return false;\n        }\n\n        int revertedNumber = 0;\n        while (x > revertedNumber) {\n            revertedNumber = revertedNumber * 10 + x % 10;\n            x /= 10;\n        }\n        return x == revertedNumber || x == revertedNumber / 10;\n    }\n}', '{\"inputList\":[\"121\",\"12321\",\"-121\",\"10\"],\"outputList\":[\"错误: 找不到或无法加载主类 Solution\\n原因: java.lang.ClassNotFoundException: Solution\",\"错误: 找不到或无法加载主类 Solution\\n原因: java.lang.ClassNotFoundException: Solution\",\"错误: 找不到或无法加载主类 Solution\\n原因: java.lang.ClassNotFoundException: Solution\",\"错误: 找不到或无法加载主类 Solution\\n原因: java.lang.ClassNotFoundException: Solution\"],\"message\":\"运行时错误\",\"time\":130,\"memory\":15518}', 2, 2, '2024-12-15 16:06:36', '2024-12-15 16:07:26', 0);
INSERT INTO `oj_question_submit` VALUES (160, 22, 1, 'java', 'public class Solution {\n    public boolean isPalindrome(int x) {\n        if (x < 0 || (x % 10 == 0 && x != 0)) {\n            return false;\n        }\n\n        int revertedNumber = 0;\n        while (x > revertedNumber) {\n            revertedNumber = revertedNumber * 10 + x % 10;\n            x /= 10;\n        }\n        return x == revertedNumber || x == revertedNumber / 10;\n    }\n}', '{\"inputList\":[\"121\",\"12321\",\"-121\",\"10\"],\"outputList\":[\"Error occurred during initialization of VM\\njava.lang.Error: Could not create SecurityManager\\n\\tat java.lang.System.initPhase3(java.base@11.0.19/System.java:2061)\\nCaused by: java.lang.ClassNotFoundException: D:\\\\project\\\\blog\\\\mayoj-code-sandbox\\\\src\\\\main\\\\resources\\\\security\\\\MySecurityManager\\n\\tat jdk.internal.loader.BuiltinClassLoader.loadClass(java.base@11.0.19/BuiltinClassLoader.java:581)\\n\\tat jdk.internal.loader.ClassLoaders$AppClassLoader.loadClass(java.base@11.0.19/ClassLoaders.java:178)\\n\\tat java.lang.ClassLoader.loadClass(java.base@11.0.19/ClassLoader.java:521)\\n\\tat java.lang.Class.forName0(java.base@11.0.19/Native Method)\\n\\tat java.lang.Class.forName(java.base@11.0.19/Class.java:398)\\n\\tat java.lang.System.initPhase3(java.base@11.0.19/System.java:2046)\\n\",\"Error occurred during initialization of VM\\njava.lang.Error: Could not create SecurityManager\\n\\tat java.lang.System.initPhase3(java.base@11.0.19/System.java:2061)\\nCaused by: java.lang.ClassNotFoundException: D:\\\\project\\\\blog\\\\mayoj-code-sandbox\\\\src\\\\main\\\\resources\\\\security\\\\MySecurityManager\\n\\tat jdk.internal.loader.BuiltinClassLoader.loadClass(java.base@11.0.19/BuiltinClassLoader.java:581)\\n\\tat jdk.internal.loader.ClassLoaders$AppClassLoader.loadClass(java.base@11.0.19/ClassLoaders.java:178)\\n\\tat java.lang.ClassLoader.loadClass(java.base@11.0.19/ClassLoader.java:521)\\n\\tat java.lang.Class.forName0(java.base@11.0.19/Native Method)\\n\\tat java.lang.Class.forName(java.base@11.0.19/Class.java:398)\\n\\tat java.lang.System.initPhase3(java.base@11.0.19/System.java:2046)\\n\",\"Error occurred during initialization of VM\\njava.lang.Error: Could not create SecurityManager\\n\\tat java.lang.System.initPhase3(java.base@11.0.19/System.java:2061)\\nCaused by: java.lang.ClassNotFoundException: D:\\\\project\\\\blog\\\\mayoj-code-sandbox\\\\src\\\\main\\\\resources\\\\security\\\\MySecurityManager\\n\\tat jdk.internal.loader.BuiltinClassLoader.loadClass(java.base@11.0.19/BuiltinClassLoader.java:581)\\n\\tat jdk.internal.loader.ClassLoaders$AppClassLoader.loadClass(java.base@11.0.19/ClassLoaders.java:178)\\n\\tat java.lang.ClassLoader.loadClass(java.base@11.0.19/ClassLoader.java:521)\\n\\tat java.lang.Class.forName0(java.base@11.0.19/Native Method)\\n\\tat java.lang.Class.forName(java.base@11.0.19/Class.java:398)\\n\\tat java.lang.System.initPhase3(java.base@11.0.19/System.java:2046)\\n\",\"Error occurred during initialization of VM\\njava.lang.Error: Could not create SecurityManager\\n\\tat java.lang.System.initPhase3(java.base@11.0.19/System.java:2061)\\nCaused by: java.lang.ClassNotFoundException: D:\\\\project\\\\blog\\\\mayoj-code-sandbox\\\\src\\\\main\\\\resources\\\\security\\\\MySecurityManager\\n\\tat jdk.internal.loader.BuiltinClassLoader.loadClass(java.base@11.0.19/BuiltinClassLoader.java:581)\\n\\tat jdk.internal.loader.ClassLoaders$AppClassLoader.loadClass(java.base@11.0.19/ClassLoaders.java:178)\\n\\tat java.lang.ClassLoader.loadClass(java.base@11.0.19/ClassLoader.java:521)\\n\\tat java.lang.Class.forName0(java.base@11.0.19/Native Method)\\n\\tat java.lang.Class.forName(java.base@11.0.19/Class.java:398)\\n\\tat java.lang.System.initPhase3(java.base@11.0.19/System.java:2046)\\n\"],\"message\":\"答案错误\",\"time\":78,\"memory\":15439}', 2, 2, '2024-12-15 16:10:53', '2024-12-15 16:11:30', 0);
INSERT INTO `oj_question_submit` VALUES (161, 22, 1, 'java', 'public class Solution {\n    public boolean isPalindrome(int x) {\n        if (x < 0 || (x % 10 == 0 && x != 0)) {\n            return false;\n        }\n\n        int revertedNumber = 0;\n        while (x > revertedNumber) {\n            revertedNumber = revertedNumber * 10 + x % 10;\n            x /= 10;\n        }\n        return x == revertedNumber || x == revertedNumber / 10;\n    }\n}', '{\"inputList\":[\"121\",\"12321\",\"-121\",\"10\"],\"outputList\":[\"Error occurred during initialization of VM\\njava.lang.Error: Could not create SecurityManager\\n\\tat java.lang.System.initPhase3(java.base@11.0.19/System.java:2061)\\nCaused by: java.lang.ClassNotFoundException: D:\\\\project\\\\blog\\\\mayoj-code-sandbox\\\\src\\\\main\\\\resources\\\\security\\\\MySecurityManager.class\\n\\tat jdk.internal.loader.BuiltinClassLoader.loadClass(java.base@11.0.19/BuiltinClassLoader.java:581)\\n\\tat jdk.internal.loader.ClassLoaders$AppClassLoader.loadClass(java.base@11.0.19/ClassLoaders.java:178)\\n\\tat java.lang.ClassLoader.loadClass(java.base@11.0.19/ClassLoader.java:521)\\n\\tat java.lang.Class.forName0(java.base@11.0.19/Native Method)\\n\\tat java.lang.Class.forName(java.base@11.0.19/Class.java:398)\\n\\tat java.lang.System.initPhase3(java.base@11.0.19/System.java:2046)\\n\",\"Error occurred during initialization of VM\\njava.lang.Error: Could not create SecurityManager\\n\\tat java.lang.System.initPhase3(java.base@11.0.19/System.java:2061)\\nCaused by: java.lang.ClassNotFoundException: D:\\\\project\\\\blog\\\\mayoj-code-sandbox\\\\src\\\\main\\\\resources\\\\security\\\\MySecurityManager.class\\n\\tat jdk.internal.loader.BuiltinClassLoader.loadClass(java.base@11.0.19/BuiltinClassLoader.java:581)\\n\\tat jdk.internal.loader.ClassLoaders$AppClassLoader.loadClass(java.base@11.0.19/ClassLoaders.java:178)\\n\\tat java.lang.ClassLoader.loadClass(java.base@11.0.19/ClassLoader.java:521)\\n\\tat java.lang.Class.forName0(java.base@11.0.19/Native Method)\\n\\tat java.lang.Class.forName(java.base@11.0.19/Class.java:398)\\n\\tat java.lang.System.initPhase3(java.base@11.0.19/System.java:2046)\\n\",\"Error occurred during initialization of VM\\njava.lang.Error: Could not create SecurityManager\\n\\tat java.lang.System.initPhase3(java.base@11.0.19/System.java:2061)\\nCaused by: java.lang.ClassNotFoundException: D:\\\\project\\\\blog\\\\mayoj-code-sandbox\\\\src\\\\main\\\\resources\\\\security\\\\MySecurityManager.class\\n\\tat jdk.internal.loader.BuiltinClassLoader.loadClass(java.base@11.0.19/BuiltinClassLoader.java:581)\\n\\tat jdk.internal.loader.ClassLoaders$AppClassLoader.loadClass(java.base@11.0.19/ClassLoaders.java:178)\\n\\tat java.lang.ClassLoader.loadClass(java.base@11.0.19/ClassLoader.java:521)\\n\\tat java.lang.Class.forName0(java.base@11.0.19/Native Method)\\n\\tat java.lang.Class.forName(java.base@11.0.19/Class.java:398)\\n\\tat java.lang.System.initPhase3(java.base@11.0.19/System.java:2046)\\n\",\"Error occurred during initialization of VM\\njava.lang.Error: Could not create SecurityManager\\n\\tat java.lang.System.initPhase3(java.base@11.0.19/System.java:2061)\\nCaused by: java.lang.ClassNotFoundException: D:\\\\project\\\\blog\\\\mayoj-code-sandbox\\\\src\\\\main\\\\resources\\\\security\\\\MySecurityManager.class\\n\\tat jdk.internal.loader.BuiltinClassLoader.loadClass(java.base@11.0.19/BuiltinClassLoader.java:581)\\n\\tat jdk.internal.loader.ClassLoaders$AppClassLoader.loadClass(java.base@11.0.19/ClassLoaders.java:178)\\n\\tat java.lang.ClassLoader.loadClass(java.base@11.0.19/ClassLoader.java:521)\\n\\tat java.lang.Class.forName0(java.base@11.0.19/Native Method)\\n\\tat java.lang.Class.forName(java.base@11.0.19/Class.java:398)\\n\\tat java.lang.System.initPhase3(java.base@11.0.19/System.java:2046)\\n\"],\"message\":\"答案错误\",\"time\":86,\"memory\":15489}', 2, 2, '2024-12-15 16:13:47', '2024-12-15 16:16:58', 0);
INSERT INTO `oj_question_submit` VALUES (162, 22, 1, 'java', 'public class Solution {\n    public boolean isPalindrome(int x) {\n        if (x < 0 || (x % 10 == 0 && x != 0)) {\n            return false;\n        }\n\n        int revertedNumber = 0;\n        while (x > revertedNumber) {\n            revertedNumber = revertedNumber * 10 + x % 10;\n            x /= 10;\n        }\n        return x == revertedNumber || x == revertedNumber / 10;\n    }\n}', '{\"inputList\":[\"121\",\"12321\",\"-121\",\"10\"],\"outputList\":[\"Error occurred during initialization of VM\\njava.lang.Error: Could not create SecurityManager\\n\\tat java.lang.System.initPhase3(java.base@11.0.19/System.java:2061)\\nCaused by: java.lang.ClassNotFoundException: D:\\\\project\\\\blog\\\\mayoj-code-sandbox\\\\src\\\\main\\\\resources\\\\security\\n\\tat jdk.internal.loader.BuiltinClassLoader.loadClass(java.base@11.0.19/BuiltinClassLoader.java:581)\\n\\tat jdk.internal.loader.ClassLoaders$AppClassLoader.loadClass(java.base@11.0.19/ClassLoaders.java:178)\\n\\tat java.lang.ClassLoader.loadClass(java.base@11.0.19/ClassLoader.java:521)\\n\\tat java.lang.Class.forName0(java.base@11.0.19/Native Method)\\n\\tat java.lang.Class.forName(java.base@11.0.19/Class.java:398)\\n\\tat java.lang.System.initPhase3(java.base@11.0.19/System.java:2046)\\n\",\"Error occurred during initialization of VM\\njava.lang.Error: Could not create SecurityManager\\n\\tat java.lang.System.initPhase3(java.base@11.0.19/System.java:2061)\\nCaused by: java.lang.ClassNotFoundException: D:\\\\project\\\\blog\\\\mayoj-code-sandbox\\\\src\\\\main\\\\resources\\\\security\\n\\tat jdk.internal.loader.BuiltinClassLoader.loadClass(java.base@11.0.19/BuiltinClassLoader.java:581)\\n\\tat jdk.internal.loader.ClassLoaders$AppClassLoader.loadClass(java.base@11.0.19/ClassLoaders.java:178)\\n\\tat java.lang.ClassLoader.loadClass(java.base@11.0.19/ClassLoader.java:521)\\n\\tat java.lang.Class.forName0(java.base@11.0.19/Native Method)\\n\\tat java.lang.Class.forName(java.base@11.0.19/Class.java:398)\\n\\tat java.lang.System.initPhase3(java.base@11.0.19/System.java:2046)\\n\",\"Error occurred during initialization of VM\\njava.lang.Error: Could not create SecurityManager\\n\\tat java.lang.System.initPhase3(java.base@11.0.19/System.java:2061)\\nCaused by: java.lang.ClassNotFoundException: D:\\\\project\\\\blog\\\\mayoj-code-sandbox\\\\src\\\\main\\\\resources\\\\security\\n\\tat jdk.internal.loader.BuiltinClassLoader.loadClass(java.base@11.0.19/BuiltinClassLoader.java:581)\\n\\tat jdk.internal.loader.ClassLoaders$AppClassLoader.loadClass(java.base@11.0.19/ClassLoaders.java:178)\\n\\tat java.lang.ClassLoader.loadClass(java.base@11.0.19/ClassLoader.java:521)\\n\\tat java.lang.Class.forName0(java.base@11.0.19/Native Method)\\n\\tat java.lang.Class.forName(java.base@11.0.19/Class.java:398)\\n\\tat java.lang.System.initPhase3(java.base@11.0.19/System.java:2046)\\n\",\"Error occurred during initialization of VM\\njava.lang.Error: Could not create SecurityManager\\n\\tat java.lang.System.initPhase3(java.base@11.0.19/System.java:2061)\\nCaused by: java.lang.ClassNotFoundException: D:\\\\project\\\\blog\\\\mayoj-code-sandbox\\\\src\\\\main\\\\resources\\\\security\\n\\tat jdk.internal.loader.BuiltinClassLoader.loadClass(java.base@11.0.19/BuiltinClassLoader.java:581)\\n\\tat jdk.internal.loader.ClassLoaders$AppClassLoader.loadClass(java.base@11.0.19/ClassLoaders.java:178)\\n\\tat java.lang.ClassLoader.loadClass(java.base@11.0.19/ClassLoader.java:521)\\n\\tat java.lang.Class.forName0(java.base@11.0.19/Native Method)\\n\\tat java.lang.Class.forName(java.base@11.0.19/Class.java:398)\\n\\tat java.lang.System.initPhase3(java.base@11.0.19/System.java:2046)\\n\"],\"message\":\"答案错误\",\"time\":97,\"memory\":15326}', 2, 2, '2024-12-15 16:17:37', '2024-12-15 16:17:38', 0);
INSERT INTO `oj_question_submit` VALUES (163, 22, 1, 'java', 'public class Solution {\n    public boolean isPalindrome(int x) {\n        if (x < 0 || (x % 10 == 0 && x != 0)) {\n            return false;\n        }\n\n        int revertedNumber = 0;\n        while (x > revertedNumber) {\n            revertedNumber = revertedNumber * 10 + x % 10;\n            x /= 10;\n        }\n        return x == revertedNumber || x == revertedNumber / 10;\n    }\n}', '{\"inputList\":[\"121\",\"12321\",\"-121\",\"10\"],\"outputList\":[\"Error occurred during initialization of VM\\njava.lang.Error: Could not create SecurityManager\\n\\tat java.lang.System.initPhase3(java.base@11.0.19/System.java:2061)\\nCaused by: java.lang.ClassNotFoundException: D:\\\\project\\\\blog\\\\mayoj-code-sandbox\\\\src\\\\main\\\\resources\\\\security\\n\\tat jdk.internal.loader.BuiltinClassLoader.loadClass(java.base@11.0.19/BuiltinClassLoader.java:581)\\n\\tat jdk.internal.loader.ClassLoaders$AppClassLoader.loadClass(java.base@11.0.19/ClassLoaders.java:178)\\n\\tat java.lang.ClassLoader.loadClass(java.base@11.0.19/ClassLoader.java:521)\\n\\tat java.lang.Class.forName0(java.base@11.0.19/Native Method)\\n\\tat java.lang.Class.forName(java.base@11.0.19/Class.java:398)\\n\\tat java.lang.System.initPhase3(java.base@11.0.19/System.java:2046)\\n\",\"Error occurred during initialization of VM\\njava.lang.Error: Could not create SecurityManager\\n\\tat java.lang.System.initPhase3(java.base@11.0.19/System.java:2061)\\nCaused by: java.lang.ClassNotFoundException: D:\\\\project\\\\blog\\\\mayoj-code-sandbox\\\\src\\\\main\\\\resources\\\\security\\n\\tat jdk.internal.loader.BuiltinClassLoader.loadClass(java.base@11.0.19/BuiltinClassLoader.java:581)\\n\\tat jdk.internal.loader.ClassLoaders$AppClassLoader.loadClass(java.base@11.0.19/ClassLoaders.java:178)\\n\\tat java.lang.ClassLoader.loadClass(java.base@11.0.19/ClassLoader.java:521)\\n\\tat java.lang.Class.forName0(java.base@11.0.19/Native Method)\\n\\tat java.lang.Class.forName(java.base@11.0.19/Class.java:398)\\n\\tat java.lang.System.initPhase3(java.base@11.0.19/System.java:2046)\\n\",\"Error occurred during initialization of VM\\njava.lang.Error: Could not create SecurityManager\\n\\tat java.lang.System.initPhase3(java.base@11.0.19/System.java:2061)\\nCaused by: java.lang.ClassNotFoundException: D:\\\\project\\\\blog\\\\mayoj-code-sandbox\\\\src\\\\main\\\\resources\\\\security\\n\\tat jdk.internal.loader.BuiltinClassLoader.loadClass(java.base@11.0.19/BuiltinClassLoader.java:581)\\n\\tat jdk.internal.loader.ClassLoaders$AppClassLoader.loadClass(java.base@11.0.19/ClassLoaders.java:178)\\n\\tat java.lang.ClassLoader.loadClass(java.base@11.0.19/ClassLoader.java:521)\\n\\tat java.lang.Class.forName0(java.base@11.0.19/Native Method)\\n\\tat java.lang.Class.forName(java.base@11.0.19/Class.java:398)\\n\\tat java.lang.System.initPhase3(java.base@11.0.19/System.java:2046)\\n\",\"Error occurred during initialization of VM\\njava.lang.Error: Could not create SecurityManager\\n\\tat java.lang.System.initPhase3(java.base@11.0.19/System.java:2061)\\nCaused by: java.lang.ClassNotFoundException: D:\\\\project\\\\blog\\\\mayoj-code-sandbox\\\\src\\\\main\\\\resources\\\\security\\n\\tat jdk.internal.loader.BuiltinClassLoader.loadClass(java.base@11.0.19/BuiltinClassLoader.java:581)\\n\\tat jdk.internal.loader.ClassLoaders$AppClassLoader.loadClass(java.base@11.0.19/ClassLoaders.java:178)\\n\\tat java.lang.ClassLoader.loadClass(java.base@11.0.19/ClassLoader.java:521)\\n\\tat java.lang.Class.forName0(java.base@11.0.19/Native Method)\\n\\tat java.lang.Class.forName(java.base@11.0.19/Class.java:398)\\n\\tat java.lang.System.initPhase3(java.base@11.0.19/System.java:2046)\\n\"],\"message\":\"答案错误\",\"time\":84,\"memory\":15574}', 2, 2, '2024-12-15 16:20:55', '2024-12-15 16:25:09', 0);
INSERT INTO `oj_question_submit` VALUES (164, 22, 1, 'java', 'public class Solution {\n    public boolean isPalindrome(int x) {\n        if (x < 0 || (x % 10 == 0 && x != 0)) {\n            return false;\n        }\n\n        int revertedNumber = 0;\n        while (x > revertedNumber) {\n            revertedNumber = revertedNumber * 10 + x % 10;\n            x /= 10;\n        }\n        return x == revertedNumber || x == revertedNumber / 10;\n    }\n}', '{\"inputList\":[\"121\",\"12321\",\"-121\",\"10\"],\"outputList\":[\"Error occurred during initialization of VM\\njava.lang.Error: Could not create SecurityManager\\n\\tat java.lang.System.initPhase3(java.base@11.0.19/System.java:2061)\\nCaused by: java.lang.ClassNotFoundException: D:\\\\project\\\\blog\\\\mayoj-code-sandbox\\\\src\\\\main\\\\resources\\\\security\\\\MySecurityManager\\n\\tat jdk.internal.loader.BuiltinClassLoader.loadClass(java.base@11.0.19/BuiltinClassLoader.java:581)\\n\\tat jdk.internal.loader.ClassLoaders$AppClassLoader.loadClass(java.base@11.0.19/ClassLoaders.java:178)\\n\\tat java.lang.ClassLoader.loadClass(java.base@11.0.19/ClassLoader.java:521)\\n\\tat java.lang.Class.forName0(java.base@11.0.19/Native Method)\\n\\tat java.lang.Class.forName(java.base@11.0.19/Class.java:398)\\n\\tat java.lang.System.initPhase3(java.base@11.0.19/System.java:2046)\\n\",\"Error occurred during initialization of VM\\njava.lang.Error: Could not create SecurityManager\\n\\tat java.lang.System.initPhase3(java.base@11.0.19/System.java:2061)\\nCaused by: java.lang.ClassNotFoundException: D:\\\\project\\\\blog\\\\mayoj-code-sandbox\\\\src\\\\main\\\\resources\\\\security\\\\MySecurityManager\\n\\tat jdk.internal.loader.BuiltinClassLoader.loadClass(java.base@11.0.19/BuiltinClassLoader.java:581)\\n\\tat jdk.internal.loader.ClassLoaders$AppClassLoader.loadClass(java.base@11.0.19/ClassLoaders.java:178)\\n\\tat java.lang.ClassLoader.loadClass(java.base@11.0.19/ClassLoader.java:521)\\n\\tat java.lang.Class.forName0(java.base@11.0.19/Native Method)\\n\\tat java.lang.Class.forName(java.base@11.0.19/Class.java:398)\\n\\tat java.lang.System.initPhase3(java.base@11.0.19/System.java:2046)\\n\",\"Error occurred during initialization of VM\\njava.lang.Error: Could not create SecurityManager\\n\\tat java.lang.System.initPhase3(java.base@11.0.19/System.java:2061)\\nCaused by: java.lang.ClassNotFoundException: D:\\\\project\\\\blog\\\\mayoj-code-sandbox\\\\src\\\\main\\\\resources\\\\security\\\\MySecurityManager\\n\\tat jdk.internal.loader.BuiltinClassLoader.loadClass(java.base@11.0.19/BuiltinClassLoader.java:581)\\n\\tat jdk.internal.loader.ClassLoaders$AppClassLoader.loadClass(java.base@11.0.19/ClassLoaders.java:178)\\n\\tat java.lang.ClassLoader.loadClass(java.base@11.0.19/ClassLoader.java:521)\\n\\tat java.lang.Class.forName0(java.base@11.0.19/Native Method)\\n\\tat java.lang.Class.forName(java.base@11.0.19/Class.java:398)\\n\\tat java.lang.System.initPhase3(java.base@11.0.19/System.java:2046)\\n\",\"Error occurred during initialization of VM\\njava.lang.Error: Could not create SecurityManager\\n\\tat java.lang.System.initPhase3(java.base@11.0.19/System.java:2061)\\nCaused by: java.lang.ClassNotFoundException: D:\\\\project\\\\blog\\\\mayoj-code-sandbox\\\\src\\\\main\\\\resources\\\\security\\\\MySecurityManager\\n\\tat jdk.internal.loader.BuiltinClassLoader.loadClass(java.base@11.0.19/BuiltinClassLoader.java:581)\\n\\tat jdk.internal.loader.ClassLoaders$AppClassLoader.loadClass(java.base@11.0.19/ClassLoaders.java:178)\\n\\tat java.lang.ClassLoader.loadClass(java.base@11.0.19/ClassLoader.java:521)\\n\\tat java.lang.Class.forName0(java.base@11.0.19/Native Method)\\n\\tat java.lang.Class.forName(java.base@11.0.19/Class.java:398)\\n\\tat java.lang.System.initPhase3(java.base@11.0.19/System.java:2046)\\n\"],\"message\":\"答案错误\",\"time\":76,\"memory\":16370}', 2, 2, '2024-12-15 16:25:25', '2024-12-15 17:02:20', 0);
INSERT INTO `oj_question_submit` VALUES (165, 22, 1, 'java', 'public class Solution {\n    public boolean isPalindrome(int x) {\n        if (x < 0 || (x % 10 == 0 && x != 0)) {\n            return false;\n        }\n\n        int revertedNumber = 0;\n        while (x > revertedNumber) {\n            revertedNumber = revertedNumber * 10 + x % 10;\n            x /= 10;\n        }\n        return x == revertedNumber || x == revertedNumber / 10;\n    }\n}', '{\"inputList\":[\"121\",\"12321\",\"-121\",\"10\"],\"outputList\":[\"Error occurred during initialization of VM\\njava.lang.UnsupportedClassVersionError: MySecurityManager has been compiled by a more recent version of the Java Runtime (class file version 55.0), this version of the Java Runtime only recognizes class file versions up to 52.0\\n\\tat java.lang.ClassLoader.defineClass1(Native Method)\\n\\tat java.lang.ClassLoader.defineClass(ClassLoader.java:756)\\n\\tat java.security.SecureClassLoader.defineClass(SecureClassLoader.java:142)\\n\\tat java.net.URLClassLoader.defineClass(URLClassLoader.java:473)\\n\\tat java.net.URLClassLoader.access$100(URLClassLoader.java:74)\\n\\tat java.net.URLClassLoader$1.run(URLClassLoader.java:369)\\n\\tat java.net.URLClassLoader$1.run(URLClassLoader.java:363)\\n\\tat java.security.AccessController.doPrivileged(Native Method)\\n\\tat java.net.URLClassLoader.findClass(URLClassLoader.java:362)\\n\\tat java.lang.ClassLoader.loadClass(ClassLoader.java:418)\\n\\tat sun.misc.Launcher$AppClassLoader.loadClass(Launcher.java:355)\\n\\tat java.lang.ClassLoader.loadClass(ClassLoader.java:351)\\n\\tat sun.misc.Launcher.<init>(Launcher.java:93)\\n\\tat sun.misc.Launcher.<clinit>(Launcher.java:54)\\n\\tat java.lang.ClassLoader.initSystemClassLoader(ClassLoader.java:1444)\\n\\tat java.lang.ClassLoader.getSystemClassLoader(ClassLoader.java:1429)\\n\",\"Error occurred during initialization of VM\\njava.lang.UnsupportedClassVersionError: MySecurityManager has been compiled by a more recent version of the Java Runtime (class file version 55.0), this version of the Java Runtime only recognizes class file versions up to 52.0\\n\\tat java.lang.ClassLoader.defineClass1(Native Method)\\n\\tat java.lang.ClassLoader.defineClass(ClassLoader.java:756)\\n\\tat java.security.SecureClassLoader.defineClass(SecureClassLoader.java:142)\\n\\tat java.net.URLClassLoader.defineClass(URLClassLoader.java:473)\\n\\tat java.net.URLClassLoader.access$100(URLClassLoader.java:74)\\n\\tat java.net.URLClassLoader$1.run(URLClassLoader.java:369)\\n\\tat java.net.URLClassLoader$1.run(URLClassLoader.java:363)\\n\\tat java.security.AccessController.doPrivileged(Native Method)\\n\\tat java.net.URLClassLoader.findClass(URLClassLoader.java:362)\\n\\tat java.lang.ClassLoader.loadClass(ClassLoader.java:418)\\n\\tat sun.misc.Launcher$AppClassLoader.loadClass(Launcher.java:355)\\n\\tat java.lang.ClassLoader.loadClass(ClassLoader.java:351)\\n\\tat sun.misc.Launcher.<init>(Launcher.java:93)\\n\\tat sun.misc.Launcher.<clinit>(Launcher.java:54)\\n\\tat java.lang.ClassLoader.initSystemClassLoader(ClassLoader.java:1444)\\n\\tat java.lang.ClassLoader.getSystemClassLoader(ClassLoader.java:1429)\\n\",\"Error occurred during initialization of VM\\njava.lang.UnsupportedClassVersionError: MySecurityManager has been compiled by a more recent version of the Java Runtime (class file version 55.0), this version of the Java Runtime only recognizes class file versions up to 52.0\\n\\tat java.lang.ClassLoader.defineClass1(Native Method)\\n\\tat java.lang.ClassLoader.defineClass(ClassLoader.java:756)\\n\\tat java.security.SecureClassLoader.defineClass(SecureClassLoader.java:142)\\n\\tat java.net.URLClassLoader.defineClass(URLClassLoader.java:473)\\n\\tat java.net.URLClassLoader.access$100(URLClassLoader.java:74)\\n\\tat java.net.URLClassLoader$1.run(URLClassLoader.java:369)\\n\\tat java.net.URLClassLoader$1.run(URLClassLoader.java:363)\\n\\tat java.security.AccessController.doPrivileged(Native Method)\\n\\tat java.net.URLClassLoader.findClass(URLClassLoader.java:362)\\n\\tat java.lang.ClassLoader.loadClass(ClassLoader.java:418)\\n\\tat sun.misc.Launcher$AppClassLoader.loadClass(Launcher.java:355)\\n\\tat java.lang.ClassLoader.loadClass(ClassLoader.java:351)\\n\\tat sun.misc.Launcher.<init>(Launcher.java:93)\\n\\tat sun.misc.Launcher.<clinit>(Launcher.java:54)\\n\\tat java.lang.ClassLoader.initSystemClassLoader(ClassLoader.java:1444)\\n\\tat java.lang.ClassLoader.getSystemClassLoader(ClassLoader.java:1429)\\n\",\"Error occurred during initialization of VM\\njava.lang.UnsupportedClassVersionError: MySecurityManager has been compiled by a more recent version of the Java Runtime (class file version 55.0), this version of the Java Runtime only recognizes class file versions up to 52.0\\n\\tat java.lang.ClassLoader.defineClass1(Native Method)\\n\\tat java.lang.ClassLoader.defineClass(ClassLoader.java:756)\\n\\tat java.security.SecureClassLoader.defineClass(SecureClassLoader.java:142)\\n\\tat java.net.URLClassLoader.defineClass(URLClassLoader.java:473)\\n\\tat java.net.URLClassLoader.access$100(URLClassLoader.java:74)\\n\\tat java.net.URLClassLoader$1.run(URLClassLoader.java:369)\\n\\tat java.net.URLClassLoader$1.run(URLClassLoader.java:363)\\n\\tat java.security.AccessController.doPrivileged(Native Method)\\n\\tat java.net.URLClassLoader.findClass(URLClassLoader.java:362)\\n\\tat java.lang.ClassLoader.loadClass(ClassLoader.java:418)\\n\\tat sun.misc.Launcher$AppClassLoader.loadClass(Launcher.java:355)\\n\\tat java.lang.ClassLoader.loadClass(ClassLoader.java:351)\\n\\tat sun.misc.Launcher.<init>(Launcher.java:93)\\n\\tat sun.misc.Launcher.<clinit>(Launcher.java:54)\\n\\tat java.lang.ClassLoader.initSystemClassLoader(ClassLoader.java:1444)\\n\\tat java.lang.ClassLoader.getSystemClassLoader(ClassLoader.java:1429)\\n\"],\"message\":\"答案错误\",\"time\":66,\"memory\":12818}', 2, 2, '2024-12-15 17:12:19', '2024-12-15 17:12:20', 0);
INSERT INTO `oj_question_submit` VALUES (166, 22, 1, 'java', 'public class Solution {\n    public boolean isPalindrome(int x) {\n        if (x < 0 || (x % 10 == 0 && x != 0)) {\n            return false;\n        }\n\n        int revertedNumber = 0;\n        while (x > revertedNumber) {\n            revertedNumber = revertedNumber * 10 + x % 10;\n            x /= 10;\n        }\n        return x == revertedNumber || x == revertedNumber / 10;\n    }\n}', '{\"inputList\":[\"121\",\"12321\",\"-121\",\"10\"],\"outputList\":[\"Error occurred during initialization of VM\\njava.lang.UnsupportedClassVersionError: MySecurityManager has been compiled by a more recent version of the Java Runtime (class file version 55.0), this version of the Java Runtime only recognizes class file versions up to 52.0\\n\\tat java.lang.ClassLoader.defineClass1(Native Method)\\n\\tat java.lang.ClassLoader.defineClass(ClassLoader.java:756)\\n\\tat java.security.SecureClassLoader.defineClass(SecureClassLoader.java:142)\\n\\tat java.net.URLClassLoader.defineClass(URLClassLoader.java:473)\\n\\tat java.net.URLClassLoader.access$100(URLClassLoader.java:74)\\n\\tat java.net.URLClassLoader$1.run(URLClassLoader.java:369)\\n\\tat java.net.URLClassLoader$1.run(URLClassLoader.java:363)\\n\\tat java.security.AccessController.doPrivileged(Native Method)\\n\\tat java.net.URLClassLoader.findClass(URLClassLoader.java:362)\\n\\tat java.lang.ClassLoader.loadClass(ClassLoader.java:418)\\n\\tat sun.misc.Launcher$AppClassLoader.loadClass(Launcher.java:355)\\n\\tat java.lang.ClassLoader.loadClass(ClassLoader.java:351)\\n\\tat sun.misc.Launcher.<init>(Launcher.java:93)\\n\\tat sun.misc.Launcher.<clinit>(Launcher.java:54)\\n\\tat java.lang.ClassLoader.initSystemClassLoader(ClassLoader.java:1444)\\n\\tat java.lang.ClassLoader.getSystemClassLoader(ClassLoader.java:1429)\\n\",\"Error occurred during initialization of VM\\njava.lang.UnsupportedClassVersionError: MySecurityManager has been compiled by a more recent version of the Java Runtime (class file version 55.0), this version of the Java Runtime only recognizes class file versions up to 52.0\\n\\tat java.lang.ClassLoader.defineClass1(Native Method)\\n\\tat java.lang.ClassLoader.defineClass(ClassLoader.java:756)\\n\\tat java.security.SecureClassLoader.defineClass(SecureClassLoader.java:142)\\n\\tat java.net.URLClassLoader.defineClass(URLClassLoader.java:473)\\n\\tat java.net.URLClassLoader.access$100(URLClassLoader.java:74)\\n\\tat java.net.URLClassLoader$1.run(URLClassLoader.java:369)\\n\\tat java.net.URLClassLoader$1.run(URLClassLoader.java:363)\\n\\tat java.security.AccessController.doPrivileged(Native Method)\\n\\tat java.net.URLClassLoader.findClass(URLClassLoader.java:362)\\n\\tat java.lang.ClassLoader.loadClass(ClassLoader.java:418)\\n\\tat sun.misc.Launcher$AppClassLoader.loadClass(Launcher.java:355)\\n\\tat java.lang.ClassLoader.loadClass(ClassLoader.java:351)\\n\\tat sun.misc.Launcher.<init>(Launcher.java:93)\\n\\tat sun.misc.Launcher.<clinit>(Launcher.java:54)\\n\\tat java.lang.ClassLoader.initSystemClassLoader(ClassLoader.java:1444)\\n\\tat java.lang.ClassLoader.getSystemClassLoader(ClassLoader.java:1429)\\n\",\"Error occurred during initialization of VM\\njava.lang.UnsupportedClassVersionError: MySecurityManager has been compiled by a more recent version of the Java Runtime (class file version 55.0), this version of the Java Runtime only recognizes class file versions up to 52.0\\n\\tat java.lang.ClassLoader.defineClass1(Native Method)\\n\\tat java.lang.ClassLoader.defineClass(ClassLoader.java:756)\\n\\tat java.security.SecureClassLoader.defineClass(SecureClassLoader.java:142)\\n\\tat java.net.URLClassLoader.defineClass(URLClassLoader.java:473)\\n\\tat java.net.URLClassLoader.access$100(URLClassLoader.java:74)\\n\\tat java.net.URLClassLoader$1.run(URLClassLoader.java:369)\\n\\tat java.net.URLClassLoader$1.run(URLClassLoader.java:363)\\n\\tat java.security.AccessController.doPrivileged(Native Method)\\n\\tat java.net.URLClassLoader.findClass(URLClassLoader.java:362)\\n\\tat java.lang.ClassLoader.loadClass(ClassLoader.java:418)\\n\\tat sun.misc.Launcher$AppClassLoader.loadClass(Launcher.java:355)\\n\\tat java.lang.ClassLoader.loadClass(ClassLoader.java:351)\\n\\tat sun.misc.Launcher.<init>(Launcher.java:93)\\n\\tat sun.misc.Launcher.<clinit>(Launcher.java:54)\\n\\tat java.lang.ClassLoader.initSystemClassLoader(ClassLoader.java:1444)\\n\\tat java.lang.ClassLoader.getSystemClassLoader(ClassLoader.java:1429)\\n\",\"Error occurred during initialization of VM\\njava.lang.UnsupportedClassVersionError: MySecurityManager has been compiled by a more recent version of the Java Runtime (class file version 55.0), this version of the Java Runtime only recognizes class file versions up to 52.0\\n\\tat java.lang.ClassLoader.defineClass1(Native Method)\\n\\tat java.lang.ClassLoader.defineClass(ClassLoader.java:756)\\n\\tat java.security.SecureClassLoader.defineClass(SecureClassLoader.java:142)\\n\\tat java.net.URLClassLoader.defineClass(URLClassLoader.java:473)\\n\\tat java.net.URLClassLoader.access$100(URLClassLoader.java:74)\\n\\tat java.net.URLClassLoader$1.run(URLClassLoader.java:369)\\n\\tat java.net.URLClassLoader$1.run(URLClassLoader.java:363)\\n\\tat java.security.AccessController.doPrivileged(Native Method)\\n\\tat java.net.URLClassLoader.findClass(URLClassLoader.java:362)\\n\\tat java.lang.ClassLoader.loadClass(ClassLoader.java:418)\\n\\tat sun.misc.Launcher$AppClassLoader.loadClass(Launcher.java:355)\\n\\tat java.lang.ClassLoader.loadClass(ClassLoader.java:351)\\n\\tat sun.misc.Launcher.<init>(Launcher.java:93)\\n\\tat sun.misc.Launcher.<clinit>(Launcher.java:54)\\n\\tat java.lang.ClassLoader.initSystemClassLoader(ClassLoader.java:1444)\\n\\tat java.lang.ClassLoader.getSystemClassLoader(ClassLoader.java:1429)\\n\"],\"message\":\"答案错误\",\"time\":61,\"memory\":12263}', 2, 2, '2024-12-15 17:13:39', '2024-12-15 17:13:40', 0);
INSERT INTO `oj_question_submit` VALUES (167, 22, 1, 'java', 'public class Solution {\n    public boolean isPalindrome(int x) {\n        if (x < 0 || (x % 10 == 0 && x != 0)) {\n            return false;\n        }\n\n        int revertedNumber = 0;\n        while (x > revertedNumber) {\n            revertedNumber = revertedNumber * 10 + x % 10;\n            x /= 10;\n        }\n        return x == revertedNumber || x == revertedNumber / 10;\n    }\n}', '{\"inputList\":[\"121\",\"12321\",\"-121\",\"10\"],\"outputList\":[\"Error occurred during initialization of VM\\njava.lang.UnsupportedClassVersionError: MySecurityManager has been compiled by a more recent version of the Java Runtime (class file version 55.0), this version of the Java Runtime only recognizes class file versions up to 52.0\\n\\tat java.lang.ClassLoader.defineClass1(Native Method)\\n\\tat java.lang.ClassLoader.defineClass(ClassLoader.java:756)\\n\\tat java.security.SecureClassLoader.defineClass(SecureClassLoader.java:142)\\n\\tat java.net.URLClassLoader.defineClass(URLClassLoader.java:473)\\n\\tat java.net.URLClassLoader.access$100(URLClassLoader.java:74)\\n\\tat java.net.URLClassLoader$1.run(URLClassLoader.java:369)\\n\\tat java.net.URLClassLoader$1.run(URLClassLoader.java:363)\\n\\tat java.security.AccessController.doPrivileged(Native Method)\\n\\tat java.net.URLClassLoader.findClass(URLClassLoader.java:362)\\n\\tat java.lang.ClassLoader.loadClass(ClassLoader.java:418)\\n\\tat sun.misc.Launcher$AppClassLoader.loadClass(Launcher.java:355)\\n\\tat java.lang.ClassLoader.loadClass(ClassLoader.java:351)\\n\\tat sun.misc.Launcher.<init>(Launcher.java:93)\\n\\tat sun.misc.Launcher.<clinit>(Launcher.java:54)\\n\\tat java.lang.ClassLoader.initSystemClassLoader(ClassLoader.java:1444)\\n\\tat java.lang.ClassLoader.getSystemClassLoader(ClassLoader.java:1429)\\n\",\"Error occurred during initialization of VM\\njava.lang.UnsupportedClassVersionError: MySecurityManager has been compiled by a more recent version of the Java Runtime (class file version 55.0), this version of the Java Runtime only recognizes class file versions up to 52.0\\n\\tat java.lang.ClassLoader.defineClass1(Native Method)\\n\\tat java.lang.ClassLoader.defineClass(ClassLoader.java:756)\\n\\tat java.security.SecureClassLoader.defineClass(SecureClassLoader.java:142)\\n\\tat java.net.URLClassLoader.defineClass(URLClassLoader.java:473)\\n\\tat java.net.URLClassLoader.access$100(URLClassLoader.java:74)\\n\\tat java.net.URLClassLoader$1.run(URLClassLoader.java:369)\\n\\tat java.net.URLClassLoader$1.run(URLClassLoader.java:363)\\n\\tat java.security.AccessController.doPrivileged(Native Method)\\n\\tat java.net.URLClassLoader.findClass(URLClassLoader.java:362)\\n\\tat java.lang.ClassLoader.loadClass(ClassLoader.java:418)\\n\\tat sun.misc.Launcher$AppClassLoader.loadClass(Launcher.java:355)\\n\\tat java.lang.ClassLoader.loadClass(ClassLoader.java:351)\\n\\tat sun.misc.Launcher.<init>(Launcher.java:93)\\n\\tat sun.misc.Launcher.<clinit>(Launcher.java:54)\\n\\tat java.lang.ClassLoader.initSystemClassLoader(ClassLoader.java:1444)\\n\\tat java.lang.ClassLoader.getSystemClassLoader(ClassLoader.java:1429)\\n\",\"Error occurred during initialization of VM\\njava.lang.UnsupportedClassVersionError: MySecurityManager has been compiled by a more recent version of the Java Runtime (class file version 55.0), this version of the Java Runtime only recognizes class file versions up to 52.0\\n\\tat java.lang.ClassLoader.defineClass1(Native Method)\\n\\tat java.lang.ClassLoader.defineClass(ClassLoader.java:756)\\n\\tat java.security.SecureClassLoader.defineClass(SecureClassLoader.java:142)\\n\\tat java.net.URLClassLoader.defineClass(URLClassLoader.java:473)\\n\\tat java.net.URLClassLoader.access$100(URLClassLoader.java:74)\\n\\tat java.net.URLClassLoader$1.run(URLClassLoader.java:369)\\n\\tat java.net.URLClassLoader$1.run(URLClassLoader.java:363)\\n\\tat java.security.AccessController.doPrivileged(Native Method)\\n\\tat java.net.URLClassLoader.findClass(URLClassLoader.java:362)\\n\\tat java.lang.ClassLoader.loadClass(ClassLoader.java:418)\\n\\tat sun.misc.Launcher$AppClassLoader.loadClass(Launcher.java:355)\\n\\tat java.lang.ClassLoader.loadClass(ClassLoader.java:351)\\n\\tat sun.misc.Launcher.<init>(Launcher.java:93)\\n\\tat sun.misc.Launcher.<clinit>(Launcher.java:54)\\n\\tat java.lang.ClassLoader.initSystemClassLoader(ClassLoader.java:1444)\\n\\tat java.lang.ClassLoader.getSystemClassLoader(ClassLoader.java:1429)\\n\",\"Error occurred during initialization of VM\\njava.lang.UnsupportedClassVersionError: MySecurityManager has been compiled by a more recent version of the Java Runtime (class file version 55.0), this version of the Java Runtime only recognizes class file versions up to 52.0\\n\\tat java.lang.ClassLoader.defineClass1(Native Method)\\n\\tat java.lang.ClassLoader.defineClass(ClassLoader.java:756)\\n\\tat java.security.SecureClassLoader.defineClass(SecureClassLoader.java:142)\\n\\tat java.net.URLClassLoader.defineClass(URLClassLoader.java:473)\\n\\tat java.net.URLClassLoader.access$100(URLClassLoader.java:74)\\n\\tat java.net.URLClassLoader$1.run(URLClassLoader.java:369)\\n\\tat java.net.URLClassLoader$1.run(URLClassLoader.java:363)\\n\\tat java.security.AccessController.doPrivileged(Native Method)\\n\\tat java.net.URLClassLoader.findClass(URLClassLoader.java:362)\\n\\tat java.lang.ClassLoader.loadClass(ClassLoader.java:418)\\n\\tat sun.misc.Launcher$AppClassLoader.loadClass(Launcher.java:355)\\n\\tat java.lang.ClassLoader.loadClass(ClassLoader.java:351)\\n\\tat sun.misc.Launcher.<init>(Launcher.java:93)\\n\\tat sun.misc.Launcher.<clinit>(Launcher.java:54)\\n\\tat java.lang.ClassLoader.initSystemClassLoader(ClassLoader.java:1444)\\n\\tat java.lang.ClassLoader.getSystemClassLoader(ClassLoader.java:1429)\\n\"],\"message\":\"答案错误\",\"time\":71,\"memory\":11914}', 2, 2, '2024-12-15 17:14:08', '2024-12-15 17:14:09', 0);
INSERT INTO `oj_question_submit` VALUES (168, 22, 1, 'java', 'public class Solution {\n    public boolean isPalindrome(int x) {\n        if (x < 0 || (x % 10 == 0 && x != 0)) {\n            return false;\n        }\n\n        int revertedNumber = 0;\n        while (x > revertedNumber) {\n            revertedNumber = revertedNumber * 10 + x % 10;\n            x /= 10;\n        }\n        return x == revertedNumber || x == revertedNumber / 10;\n    }\n}', '{\"inputList\":[\"121\",\"12321\",\"-121\",\"10\"],\"outputList\":[\"Error occurred during initialization of VM\\njava.lang.UnsupportedClassVersionError: MySecurityManager has been compiled by a more recent version of the Java Runtime (class file version 55.0), this version of the Java Runtime only recognizes class file versions up to 52.0\\n\\tat java.lang.ClassLoader.defineClass1(Native Method)\\n\\tat java.lang.ClassLoader.defineClass(ClassLoader.java:756)\\n\\tat java.security.SecureClassLoader.defineClass(SecureClassLoader.java:142)\\n\\tat java.net.URLClassLoader.defineClass(URLClassLoader.java:473)\\n\\tat java.net.URLClassLoader.access$100(URLClassLoader.java:74)\\n\\tat java.net.URLClassLoader$1.run(URLClassLoader.java:369)\\n\\tat java.net.URLClassLoader$1.run(URLClassLoader.java:363)\\n\\tat java.security.AccessController.doPrivileged(Native Method)\\n\\tat java.net.URLClassLoader.findClass(URLClassLoader.java:362)\\n\\tat java.lang.ClassLoader.loadClass(ClassLoader.java:418)\\n\\tat sun.misc.Launcher$AppClassLoader.loadClass(Launcher.java:355)\\n\\tat java.lang.ClassLoader.loadClass(ClassLoader.java:351)\\n\\tat sun.misc.Launcher.<init>(Launcher.java:93)\\n\\tat sun.misc.Launcher.<clinit>(Launcher.java:54)\\n\\tat java.lang.ClassLoader.initSystemClassLoader(ClassLoader.java:1444)\\n\\tat java.lang.ClassLoader.getSystemClassLoader(ClassLoader.java:1429)\\n\",\"Error occurred during initialization of VM\\njava.lang.UnsupportedClassVersionError: MySecurityManager has been compiled by a more recent version of the Java Runtime (class file version 55.0), this version of the Java Runtime only recognizes class file versions up to 52.0\\n\\tat java.lang.ClassLoader.defineClass1(Native Method)\\n\\tat java.lang.ClassLoader.defineClass(ClassLoader.java:756)\\n\\tat java.security.SecureClassLoader.defineClass(SecureClassLoader.java:142)\\n\\tat java.net.URLClassLoader.defineClass(URLClassLoader.java:473)\\n\\tat java.net.URLClassLoader.access$100(URLClassLoader.java:74)\\n\\tat java.net.URLClassLoader$1.run(URLClassLoader.java:369)\\n\\tat java.net.URLClassLoader$1.run(URLClassLoader.java:363)\\n\\tat java.security.AccessController.doPrivileged(Native Method)\\n\\tat java.net.URLClassLoader.findClass(URLClassLoader.java:362)\\n\\tat java.lang.ClassLoader.loadClass(ClassLoader.java:418)\\n\\tat sun.misc.Launcher$AppClassLoader.loadClass(Launcher.java:355)\\n\\tat java.lang.ClassLoader.loadClass(ClassLoader.java:351)\\n\\tat sun.misc.Launcher.<init>(Launcher.java:93)\\n\\tat sun.misc.Launcher.<clinit>(Launcher.java:54)\\n\\tat java.lang.ClassLoader.initSystemClassLoader(ClassLoader.java:1444)\\n\\tat java.lang.ClassLoader.getSystemClassLoader(ClassLoader.java:1429)\\n\",\"Error occurred during initialization of VM\\njava.lang.UnsupportedClassVersionError: MySecurityManager has been compiled by a more recent version of the Java Runtime (class file version 55.0), this version of the Java Runtime only recognizes class file versions up to 52.0\\n\\tat java.lang.ClassLoader.defineClass1(Native Method)\\n\\tat java.lang.ClassLoader.defineClass(ClassLoader.java:756)\\n\\tat java.security.SecureClassLoader.defineClass(SecureClassLoader.java:142)\\n\\tat java.net.URLClassLoader.defineClass(URLClassLoader.java:473)\\n\\tat java.net.URLClassLoader.access$100(URLClassLoader.java:74)\\n\\tat java.net.URLClassLoader$1.run(URLClassLoader.java:369)\\n\\tat java.net.URLClassLoader$1.run(URLClassLoader.java:363)\\n\\tat java.security.AccessController.doPrivileged(Native Method)\\n\\tat java.net.URLClassLoader.findClass(URLClassLoader.java:362)\\n\\tat java.lang.ClassLoader.loadClass(ClassLoader.java:418)\\n\\tat sun.misc.Launcher$AppClassLoader.loadClass(Launcher.java:355)\\n\\tat java.lang.ClassLoader.loadClass(ClassLoader.java:351)\\n\\tat sun.misc.Launcher.<init>(Launcher.java:93)\\n\\tat sun.misc.Launcher.<clinit>(Launcher.java:54)\\n\\tat java.lang.ClassLoader.initSystemClassLoader(ClassLoader.java:1444)\\n\\tat java.lang.ClassLoader.getSystemClassLoader(ClassLoader.java:1429)\\n\",\"Error occurred during initialization of VM\\njava.lang.UnsupportedClassVersionError: MySecurityManager has been compiled by a more recent version of the Java Runtime (class file version 55.0), this version of the Java Runtime only recognizes class file versions up to 52.0\\n\\tat java.lang.ClassLoader.defineClass1(Native Method)\\n\\tat java.lang.ClassLoader.defineClass(ClassLoader.java:756)\\n\\tat java.security.SecureClassLoader.defineClass(SecureClassLoader.java:142)\\n\\tat java.net.URLClassLoader.defineClass(URLClassLoader.java:473)\\n\\tat java.net.URLClassLoader.access$100(URLClassLoader.java:74)\\n\\tat java.net.URLClassLoader$1.run(URLClassLoader.java:369)\\n\\tat java.net.URLClassLoader$1.run(URLClassLoader.java:363)\\n\\tat java.security.AccessController.doPrivileged(Native Method)\\n\\tat java.net.URLClassLoader.findClass(URLClassLoader.java:362)\\n\\tat java.lang.ClassLoader.loadClass(ClassLoader.java:418)\\n\\tat sun.misc.Launcher$AppClassLoader.loadClass(Launcher.java:355)\\n\\tat java.lang.ClassLoader.loadClass(ClassLoader.java:351)\\n\\tat sun.misc.Launcher.<init>(Launcher.java:93)\\n\\tat sun.misc.Launcher.<clinit>(Launcher.java:54)\\n\\tat java.lang.ClassLoader.initSystemClassLoader(ClassLoader.java:1444)\\n\\tat java.lang.ClassLoader.getSystemClassLoader(ClassLoader.java:1429)\\n\"],\"message\":\"答案错误\",\"time\":69,\"memory\":12056}', 2, 2, '2024-12-15 17:16:57', '2024-12-15 17:16:58', 0);
INSERT INTO `oj_question_submit` VALUES (169, 22, 1, 'java', 'public class Solution {\n    public boolean isPalindrome(int x) {\n        if (x < 0 || (x % 10 == 0 && x != 0)) {\n            return false;\n        }\n\n        int revertedNumber = 0;\n        while (x > revertedNumber) {\n            revertedNumber = revertedNumber * 10 + x % 10;\n            x /= 10;\n        }\n        return x == revertedNumber || x == revertedNumber / 10;\n    }\n}', '{\"inputList\":[\"121\",\"12321\",\"-121\",\"10\"],\"outputList\":[\"Error occurred during initialization of VM\\njava.lang.NoClassDefFoundError: MySecurityManager (wrong name: com/may/mayojcodesandbox/security/MySecurityManager)\\n\\tat java.lang.ClassLoader.defineClass1(Native Method)\\n\\tat java.lang.ClassLoader.defineClass(ClassLoader.java:756)\\n\\tat java.security.SecureClassLoader.defineClass(SecureClassLoader.java:142)\\n\\tat java.net.URLClassLoader.defineClass(URLClassLoader.java:473)\\n\\tat java.net.URLClassLoader.access$100(URLClassLoader.java:74)\\n\\tat java.net.URLClassLoader$1.run(URLClassLoader.java:369)\\n\\tat java.net.URLClassLoader$1.run(URLClassLoader.java:363)\\n\\tat java.security.AccessController.doPrivileged(Native Method)\\n\\tat java.net.URLClassLoader.findClass(URLClassLoader.java:362)\\n\\tat java.lang.ClassLoader.loadClass(ClassLoader.java:418)\\n\\tat sun.misc.Launcher$AppClassLoader.loadClass(Launcher.java:355)\\n\\tat java.lang.ClassLoader.loadClass(ClassLoader.java:351)\\n\\tat sun.misc.Launcher.<init>(Launcher.java:93)\\n\\tat sun.misc.Launcher.<clinit>(Launcher.java:54)\\n\\tat java.lang.ClassLoader.initSystemClassLoader(ClassLoader.java:1444)\\n\\tat java.lang.ClassLoader.getSystemClassLoader(ClassLoader.java:1429)\\n\",\"Error occurred during initialization of VM\\njava.lang.NoClassDefFoundError: MySecurityManager (wrong name: com/may/mayojcodesandbox/security/MySecurityManager)\\n\\tat java.lang.ClassLoader.defineClass1(Native Method)\\n\\tat java.lang.ClassLoader.defineClass(ClassLoader.java:756)\\n\\tat java.security.SecureClassLoader.defineClass(SecureClassLoader.java:142)\\n\\tat java.net.URLClassLoader.defineClass(URLClassLoader.java:473)\\n\\tat java.net.URLClassLoader.access$100(URLClassLoader.java:74)\\n\\tat java.net.URLClassLoader$1.run(URLClassLoader.java:369)\\n\\tat java.net.URLClassLoader$1.run(URLClassLoader.java:363)\\n\\tat java.security.AccessController.doPrivileged(Native Method)\\n\\tat java.net.URLClassLoader.findClass(URLClassLoader.java:362)\\n\\tat java.lang.ClassLoader.loadClass(ClassLoader.java:418)\\n\\tat sun.misc.Launcher$AppClassLoader.loadClass(Launcher.java:355)\\n\\tat java.lang.ClassLoader.loadClass(ClassLoader.java:351)\\n\\tat sun.misc.Launcher.<init>(Launcher.java:93)\\n\\tat sun.misc.Launcher.<clinit>(Launcher.java:54)\\n\\tat java.lang.ClassLoader.initSystemClassLoader(ClassLoader.java:1444)\\n\\tat java.lang.ClassLoader.getSystemClassLoader(ClassLoader.java:1429)\\n\",\"Error occurred during initialization of VM\\njava.lang.NoClassDefFoundError: MySecurityManager (wrong name: com/may/mayojcodesandbox/security/MySecurityManager)\\n\\tat java.lang.ClassLoader.defineClass1(Native Method)\\n\\tat java.lang.ClassLoader.defineClass(ClassLoader.java:756)\\n\\tat java.security.SecureClassLoader.defineClass(SecureClassLoader.java:142)\\n\\tat java.net.URLClassLoader.defineClass(URLClassLoader.java:473)\\n\\tat java.net.URLClassLoader.access$100(URLClassLoader.java:74)\\n\\tat java.net.URLClassLoader$1.run(URLClassLoader.java:369)\\n\\tat java.net.URLClassLoader$1.run(URLClassLoader.java:363)\\n\\tat java.security.AccessController.doPrivileged(Native Method)\\n\\tat java.net.URLClassLoader.findClass(URLClassLoader.java:362)\\n\\tat java.lang.ClassLoader.loadClass(ClassLoader.java:418)\\n\\tat sun.misc.Launcher$AppClassLoader.loadClass(Launcher.java:355)\\n\\tat java.lang.ClassLoader.loadClass(ClassLoader.java:351)\\n\\tat sun.misc.Launcher.<init>(Launcher.java:93)\\n\\tat sun.misc.Launcher.<clinit>(Launcher.java:54)\\n\\tat java.lang.ClassLoader.initSystemClassLoader(ClassLoader.java:1444)\\n\\tat java.lang.ClassLoader.getSystemClassLoader(ClassLoader.java:1429)\\n\",\"Error occurred during initialization of VM\\njava.lang.NoClassDefFoundError: MySecurityManager (wrong name: com/may/mayojcodesandbox/security/MySecurityManager)\\n\\tat java.lang.ClassLoader.defineClass1(Native Method)\\n\\tat java.lang.ClassLoader.defineClass(ClassLoader.java:756)\\n\\tat java.security.SecureClassLoader.defineClass(SecureClassLoader.java:142)\\n\\tat java.net.URLClassLoader.defineClass(URLClassLoader.java:473)\\n\\tat java.net.URLClassLoader.access$100(URLClassLoader.java:74)\\n\\tat java.net.URLClassLoader$1.run(URLClassLoader.java:369)\\n\\tat java.net.URLClassLoader$1.run(URLClassLoader.java:363)\\n\\tat java.security.AccessController.doPrivileged(Native Method)\\n\\tat java.net.URLClassLoader.findClass(URLClassLoader.java:362)\\n\\tat java.lang.ClassLoader.loadClass(ClassLoader.java:418)\\n\\tat sun.misc.Launcher$AppClassLoader.loadClass(Launcher.java:355)\\n\\tat java.lang.ClassLoader.loadClass(ClassLoader.java:351)\\n\\tat sun.misc.Launcher.<init>(Launcher.java:93)\\n\\tat sun.misc.Launcher.<clinit>(Launcher.java:54)\\n\\tat java.lang.ClassLoader.initSystemClassLoader(ClassLoader.java:1444)\\n\\tat java.lang.ClassLoader.getSystemClassLoader(ClassLoader.java:1429)\\n\"],\"message\":\"答案错误\",\"time\":72,\"memory\":12009}', 2, 2, '2024-12-15 17:18:11', '2024-12-15 17:18:11', 0);
INSERT INTO `oj_question_submit` VALUES (170, 22, 1, 'java', 'public class Solution {\n    public boolean isPalindrome(int x) {\n        if (x < 0 || (x % 10 == 0 && x != 0)) {\n            return false;\n        }\n\n        int revertedNumber = 0;\n        while (x > revertedNumber) {\n            revertedNumber = revertedNumber * 10 + x % 10;\n            x /= 10;\n        }\n        return x == revertedNumber || x == revertedNumber / 10;\n    }\n}', '{\"inputList\":[\"121\",\"12321\",\"-121\",\"10\"],\"outputList\":[\"Exception in thread \\\"main\\\" java.lang.ExceptionInInitializerError\\n\\tat sun.misc.Launcher.getBootstrapClassPath(Launcher.java:441)\\n\\tat java.lang.ClassLoader.getBootstrapClassPath(ClassLoader.java:1281)\\n\\tat java.lang.ClassLoader.getBootstrapResources(ClassLoader.java:1268)\\n\\tat java.lang.ClassLoader.getResources(ClassLoader.java:1133)\\n\\tat java.util.ServiceLoader$LazyIterator.hasNextService(ServiceLoader.java:348)\\n\\tat java.util.ServiceLoader$LazyIterator.access$600(ServiceLoader.java:323)\\n\\tat java.util.ServiceLoader$LazyIterator$1.run(ServiceLoader.java:396)\\n\\tat java.util.ServiceLoader$LazyIterator$1.run(ServiceLoader.java:395)\\n\\tat java.security.AccessController.doPrivileged(Native Method)\\n\\tat java.util.ServiceLoader$LazyIterator.hasNext(ServiceLoader.java:398)\\n\\tat java.util.ServiceLoader$1.hasNext(ServiceLoader.java:474)\\n\\tat java.util.ResourceBundle.<clinit>(ResourceBundle.java:377)\\n\\tat sun.launcher.LauncherHelper$ResourceBundleHolder.<clinit>(LauncherHelper.java:91)\\n\\tat sun.launcher.LauncherHelper.getLocalizedMessage(LauncherHelper.java:444)\\n\\tat sun.launcher.LauncherHelper.abort(LauncherHelper.java:566)\\n\\tat sun.launcher.LauncherHelper.checkAndLoadMain(LauncherHelper.java:633)\\nCaused by: java.lang.SecurityException: Read access to files is not allowed\\n\\tat MySecurityManager.checkRead(MySecurityManager.java:4)\\n\\tat java.io.File.isDirectory(File.java:855)\\n\\tat sun.misc.Launcher$BootClassPathHolder$1.run(Launcher.java:421)\\n\\tat sun.misc.Launcher$BootClassPathHolder$1.run(Launcher.java:412)\\n\\tat java.security.AccessController.doPrivileged(Native Method)\\n\\tat sun.misc.Launcher$BootClassPathHolder.<clinit>(Launcher.java:411)\\n\\t... 16 more\",\"Exception in thread \\\"main\\\" java.lang.ExceptionInInitializerError\\n\\tat sun.misc.Launcher.getBootstrapClassPath(Launcher.java:441)\\n\\tat java.lang.ClassLoader.getBootstrapClassPath(ClassLoader.java:1281)\\n\\tat java.lang.ClassLoader.getBootstrapResources(ClassLoader.java:1268)\\n\\tat java.lang.ClassLoader.getResources(ClassLoader.java:1133)\\n\\tat java.util.ServiceLoader$LazyIterator.hasNextService(ServiceLoader.java:348)\\n\\tat java.util.ServiceLoader$LazyIterator.access$600(ServiceLoader.java:323)\\n\\tat java.util.ServiceLoader$LazyIterator$1.run(ServiceLoader.java:396)\\n\\tat java.util.ServiceLoader$LazyIterator$1.run(ServiceLoader.java:395)\\n\\tat java.security.AccessController.doPrivileged(Native Method)\\n\\tat java.util.ServiceLoader$LazyIterator.hasNext(ServiceLoader.java:398)\\n\\tat java.util.ServiceLoader$1.hasNext(ServiceLoader.java:474)\\n\\tat java.util.ResourceBundle.<clinit>(ResourceBundle.java:377)\\n\\tat sun.launcher.LauncherHelper$ResourceBundleHolder.<clinit>(LauncherHelper.java:91)\\n\\tat sun.launcher.LauncherHelper.getLocalizedMessage(LauncherHelper.java:444)\\n\\tat sun.launcher.LauncherHelper.abort(LauncherHelper.java:566)\\n\\tat sun.launcher.LauncherHelper.checkAndLoadMain(LauncherHelper.java:633)\\nCaused by: java.lang.SecurityException: Read access to files is not allowed\\n\\tat MySecurityManager.checkRead(MySecurityManager.java:4)\\n\\tat java.io.File.isDirectory(File.java:855)\\n\\tat sun.misc.Launcher$BootClassPathHolder$1.run(Launcher.java:421)\\n\\tat sun.misc.Launcher$BootClassPathHolder$1.run(Launcher.java:412)\\n\\tat java.security.AccessController.doPrivileged(Native Method)\\n\\tat sun.misc.Launcher$BootClassPathHolder.<clinit>(Launcher.java:411)\\n\\t... 16 more\",\"Exception in thread \\\"main\\\" java.lang.ExceptionInInitializerError\\n\\tat sun.misc.Launcher.getBootstrapClassPath(Launcher.java:441)\\n\\tat java.lang.ClassLoader.getBootstrapClassPath(ClassLoader.java:1281)\\n\\tat java.lang.ClassLoader.getBootstrapResources(ClassLoader.java:1268)\\n\\tat java.lang.ClassLoader.getResources(ClassLoader.java:1133)\\n\\tat java.util.ServiceLoader$LazyIterator.hasNextService(ServiceLoader.java:348)\\n\\tat java.util.ServiceLoader$LazyIterator.access$600(ServiceLoader.java:323)\\n\\tat java.util.ServiceLoader$LazyIterator$1.run(ServiceLoader.java:396)\\n\\tat java.util.ServiceLoader$LazyIterator$1.run(ServiceLoader.java:395)\\n\\tat java.security.AccessController.doPrivileged(Native Method)\\n\\tat java.util.ServiceLoader$LazyIterator.hasNext(ServiceLoader.java:398)\\n\\tat java.util.ServiceLoader$1.hasNext(ServiceLoader.java:474)\\n\\tat java.util.ResourceBundle.<clinit>(ResourceBundle.java:377)\\n\\tat sun.launcher.LauncherHelper$ResourceBundleHolder.<clinit>(LauncherHelper.java:91)\\n\\tat sun.launcher.LauncherHelper.getLocalizedMessage(LauncherHelper.java:444)\\n\\tat sun.launcher.LauncherHelper.abort(LauncherHelper.java:566)\\n\\tat sun.launcher.LauncherHelper.checkAndLoadMain(LauncherHelper.java:633)\\nCaused by: java.lang.SecurityException: Read access to files is not allowed\\n\\tat MySecurityManager.checkRead(MySecurityManager.java:4)\\n\\tat java.io.File.isDirectory(File.java:855)\\n\\tat sun.misc.Launcher$BootClassPathHolder$1.run(Launcher.java:421)\\n\\tat sun.misc.Launcher$BootClassPathHolder$1.run(Launcher.java:412)\\n\\tat java.security.AccessController.doPrivileged(Native Method)\\n\\tat sun.misc.Launcher$BootClassPathHolder.<clinit>(Launcher.java:411)\\n\\t... 16 more\",\"Exception in thread \\\"main\\\" java.lang.ExceptionInInitializerError\\n\\tat sun.misc.Launcher.getBootstrapClassPath(Launcher.java:441)\\n\\tat java.lang.ClassLoader.getBootstrapClassPath(ClassLoader.java:1281)\\n\\tat java.lang.ClassLoader.getBootstrapResources(ClassLoader.java:1268)\\n\\tat java.lang.ClassLoader.getResources(ClassLoader.java:1133)\\n\\tat java.util.ServiceLoader$LazyIterator.hasNextService(ServiceLoader.java:348)\\n\\tat java.util.ServiceLoader$LazyIterator.access$600(ServiceLoader.java:323)\\n\\tat java.util.ServiceLoader$LazyIterator$1.run(ServiceLoader.java:396)\\n\\tat java.util.ServiceLoader$LazyIterator$1.run(ServiceLoader.java:395)\\n\\tat java.security.AccessController.doPrivileged(Native Method)\\n\\tat java.util.ServiceLoader$LazyIterator.hasNext(ServiceLoader.java:398)\\n\\tat java.util.ServiceLoader$1.hasNext(ServiceLoader.java:474)\\n\\tat java.util.ResourceBundle.<clinit>(ResourceBundle.java:377)\\n\\tat sun.launcher.LauncherHelper$ResourceBundleHolder.<clinit>(LauncherHelper.java:91)\\n\\tat sun.launcher.LauncherHelper.getLocalizedMessage(LauncherHelper.java:444)\\n\\tat sun.launcher.LauncherHelper.abort(LauncherHelper.java:566)\\n\\tat sun.launcher.LauncherHelper.checkAndLoadMain(LauncherHelper.java:633)\\nCaused by: java.lang.SecurityException: Read access to files is not allowed\\n\\tat MySecurityManager.checkRead(MySecurityManager.java:4)\\n\\tat java.io.File.isDirectory(File.java:855)\\n\\tat sun.misc.Launcher$BootClassPathHolder$1.run(Launcher.java:421)\\n\\tat sun.misc.Launcher$BootClassPathHolder$1.run(Launcher.java:412)\\n\\tat java.security.AccessController.doPrivileged(Native Method)\\n\\tat sun.misc.Launcher$BootClassPathHolder.<clinit>(Launcher.java:411)\\n\\t... 16 more\"],\"message\":\"运行时错误\",\"time\":108,\"memory\":12039}', 2, 2, '2024-12-15 17:18:52', '2024-12-15 17:18:52', 0);
INSERT INTO `oj_question_submit` VALUES (171, 22, 1, 'java', 'public class Solution {\n    public boolean isPalindrome(int x) {\n        if (x < 0 || (x % 10 == 0 && x != 0)) {\n            return false;\n        }\n\n        int revertedNumber = 0;\n        while (x > revertedNumber) {\n            revertedNumber = revertedNumber * 10 + x % 10;\n            x /= 10;\n        }\n        return x == revertedNumber || x == revertedNumber / 10;\n    }\n}', '{\"inputList\":[\"121\",\"12321\",\"-121\",\"10\"],\"outputList\":[\"Exception in thread \\\"main\\\" java.lang.ExceptionInInitializerError\\n\\tat sun.misc.Launcher.getBootstrapClassPath(Launcher.java:441)\\n\\tat java.lang.ClassLoader.getBootstrapClassPath(ClassLoader.java:1281)\\n\\tat java.lang.ClassLoader.getBootstrapResources(ClassLoader.java:1268)\\n\\tat java.lang.ClassLoader.getResources(ClassLoader.java:1133)\\n\\tat java.util.ServiceLoader$LazyIterator.hasNextService(ServiceLoader.java:348)\\n\\tat java.util.ServiceLoader$LazyIterator.access$600(ServiceLoader.java:323)\\n\\tat java.util.ServiceLoader$LazyIterator$1.run(ServiceLoader.java:396)\\n\\tat java.util.ServiceLoader$LazyIterator$1.run(ServiceLoader.java:395)\\n\\tat java.security.AccessController.doPrivileged(Native Method)\\n\\tat java.util.ServiceLoader$LazyIterator.hasNext(ServiceLoader.java:398)\\n\\tat java.util.ServiceLoader$1.hasNext(ServiceLoader.java:474)\\n\\tat java.util.ResourceBundle.<clinit>(ResourceBundle.java:377)\\n\\tat sun.launcher.LauncherHelper$ResourceBundleHolder.<clinit>(LauncherHelper.java:91)\\n\\tat sun.launcher.LauncherHelper.getLocalizedMessage(LauncherHelper.java:444)\\n\\tat sun.launcher.LauncherHelper.abort(LauncherHelper.java:566)\\n\\tat sun.launcher.LauncherHelper.checkAndLoadMain(LauncherHelper.java:633)\\nCaused by: java.lang.SecurityException: Read access to files is not allowed\\n\\tat MySecurityManager.checkRead(MySecurityManager.java:4)\\n\\tat java.io.File.isDirectory(File.java:855)\\n\\tat sun.misc.Launcher$BootClassPathHolder$1.run(Launcher.java:421)\\n\\tat sun.misc.Launcher$BootClassPathHolder$1.run(Launcher.java:412)\\n\\tat java.security.AccessController.doPrivileged(Native Method)\\n\\tat sun.misc.Launcher$BootClassPathHolder.<clinit>(Launcher.java:411)\\n\\t... 16 more\",\"Exception in thread \\\"main\\\" java.lang.ExceptionInInitializerError\\n\\tat sun.misc.Launcher.getBootstrapClassPath(Launcher.java:441)\\n\\tat java.lang.ClassLoader.getBootstrapClassPath(ClassLoader.java:1281)\\n\\tat java.lang.ClassLoader.getBootstrapResources(ClassLoader.java:1268)\\n\\tat java.lang.ClassLoader.getResources(ClassLoader.java:1133)\\n\\tat java.util.ServiceLoader$LazyIterator.hasNextService(ServiceLoader.java:348)\\n\\tat java.util.ServiceLoader$LazyIterator.access$600(ServiceLoader.java:323)\\n\\tat java.util.ServiceLoader$LazyIterator$1.run(ServiceLoader.java:396)\\n\\tat java.util.ServiceLoader$LazyIterator$1.run(ServiceLoader.java:395)\\n\\tat java.security.AccessController.doPrivileged(Native Method)\\n\\tat java.util.ServiceLoader$LazyIterator.hasNext(ServiceLoader.java:398)\\n\\tat java.util.ServiceLoader$1.hasNext(ServiceLoader.java:474)\\n\\tat java.util.ResourceBundle.<clinit>(ResourceBundle.java:377)\\n\\tat sun.launcher.LauncherHelper$ResourceBundleHolder.<clinit>(LauncherHelper.java:91)\\n\\tat sun.launcher.LauncherHelper.getLocalizedMessage(LauncherHelper.java:444)\\n\\tat sun.launcher.LauncherHelper.abort(LauncherHelper.java:566)\\n\\tat sun.launcher.LauncherHelper.checkAndLoadMain(LauncherHelper.java:633)\\nCaused by: java.lang.SecurityException: Read access to files is not allowed\\n\\tat MySecurityManager.checkRead(MySecurityManager.java:4)\\n\\tat java.io.File.isDirectory(File.java:855)\\n\\tat sun.misc.Launcher$BootClassPathHolder$1.run(Launcher.java:421)\\n\\tat sun.misc.Launcher$BootClassPathHolder$1.run(Launcher.java:412)\\n\\tat java.security.AccessController.doPrivileged(Native Method)\\n\\tat sun.misc.Launcher$BootClassPathHolder.<clinit>(Launcher.java:411)\\n\\t... 16 more\",\"Exception in thread \\\"main\\\" java.lang.ExceptionInInitializerError\\n\\tat sun.misc.Launcher.getBootstrapClassPath(Launcher.java:441)\\n\\tat java.lang.ClassLoader.getBootstrapClassPath(ClassLoader.java:1281)\\n\\tat java.lang.ClassLoader.getBootstrapResources(ClassLoader.java:1268)\\n\\tat java.lang.ClassLoader.getResources(ClassLoader.java:1133)\\n\\tat java.util.ServiceLoader$LazyIterator.hasNextService(ServiceLoader.java:348)\\n\\tat java.util.ServiceLoader$LazyIterator.access$600(ServiceLoader.java:323)\\n\\tat java.util.ServiceLoader$LazyIterator$1.run(ServiceLoader.java:396)\\n\\tat java.util.ServiceLoader$LazyIterator$1.run(ServiceLoader.java:395)\\n\\tat java.security.AccessController.doPrivileged(Native Method)\\n\\tat java.util.ServiceLoader$LazyIterator.hasNext(ServiceLoader.java:398)\\n\\tat java.util.ServiceLoader$1.hasNext(ServiceLoader.java:474)\\n\\tat java.util.ResourceBundle.<clinit>(ResourceBundle.java:377)\\n\\tat sun.launcher.LauncherHelper$ResourceBundleHolder.<clinit>(LauncherHelper.java:91)\\n\\tat sun.launcher.LauncherHelper.getLocalizedMessage(LauncherHelper.java:444)\\n\\tat sun.launcher.LauncherHelper.abort(LauncherHelper.java:566)\\n\\tat sun.launcher.LauncherHelper.checkAndLoadMain(LauncherHelper.java:633)\\nCaused by: java.lang.SecurityException: Read access to files is not allowed\\n\\tat MySecurityManager.checkRead(MySecurityManager.java:4)\\n\\tat java.io.File.isDirectory(File.java:855)\\n\\tat sun.misc.Launcher$BootClassPathHolder$1.run(Launcher.java:421)\\n\\tat sun.misc.Launcher$BootClassPathHolder$1.run(Launcher.java:412)\\n\\tat java.security.AccessController.doPrivileged(Native Method)\\n\\tat sun.misc.Launcher$BootClassPathHolder.<clinit>(Launcher.java:411)\\n\\t... 16 more\",\"Exception in thread \\\"main\\\" java.lang.ExceptionInInitializerError\\n\\tat sun.misc.Launcher.getBootstrapClassPath(Launcher.java:441)\\n\\tat java.lang.ClassLoader.getBootstrapClassPath(ClassLoader.java:1281)\\n\\tat java.lang.ClassLoader.getBootstrapResources(ClassLoader.java:1268)\\n\\tat java.lang.ClassLoader.getResources(ClassLoader.java:1133)\\n\\tat java.util.ServiceLoader$LazyIterator.hasNextService(ServiceLoader.java:348)\\n\\tat java.util.ServiceLoader$LazyIterator.access$600(ServiceLoader.java:323)\\n\\tat java.util.ServiceLoader$LazyIterator$1.run(ServiceLoader.java:396)\\n\\tat java.util.ServiceLoader$LazyIterator$1.run(ServiceLoader.java:395)\\n\\tat java.security.AccessController.doPrivileged(Native Method)\\n\\tat java.util.ServiceLoader$LazyIterator.hasNext(ServiceLoader.java:398)\\n\\tat java.util.ServiceLoader$1.hasNext(ServiceLoader.java:474)\\n\\tat java.util.ResourceBundle.<clinit>(ResourceBundle.java:377)\\n\\tat sun.launcher.LauncherHelper$ResourceBundleHolder.<clinit>(LauncherHelper.java:91)\\n\\tat sun.launcher.LauncherHelper.getLocalizedMessage(LauncherHelper.java:444)\\n\\tat sun.launcher.LauncherHelper.abort(LauncherHelper.java:566)\\n\\tat sun.launcher.LauncherHelper.checkAndLoadMain(LauncherHelper.java:633)\\nCaused by: java.lang.SecurityException: Read access to files is not allowed\\n\\tat MySecurityManager.checkRead(MySecurityManager.java:4)\\n\\tat java.io.File.isDirectory(File.java:855)\\n\\tat sun.misc.Launcher$BootClassPathHolder$1.run(Launcher.java:421)\\n\\tat sun.misc.Launcher$BootClassPathHolder$1.run(Launcher.java:412)\\n\\tat java.security.AccessController.doPrivileged(Native Method)\\n\\tat sun.misc.Launcher$BootClassPathHolder.<clinit>(Launcher.java:411)\\n\\t... 16 more\"],\"message\":\"运行时错误\",\"time\":0,\"memory\":16232}', 2, 2, '2024-12-15 17:21:05', '2024-12-15 17:22:13', 0);
INSERT INTO `oj_question_submit` VALUES (172, 22, 1, 'java', 'public class Solution {\n    public boolean isPalindrome(int x) {\n        if (x < 0 || (x % 10 == 0 && x != 0)) {\n            return false;\n        }\n\n        int revertedNumber = 0;\n        while (x > revertedNumber) {\n            revertedNumber = revertedNumber * 10 + x % 10;\n            x /= 10;\n        }\n        return x == revertedNumber || x == revertedNumber / 10;\n    }\n}', '{\"inputList\":[\"121\",\"12321\",\"-121\",\"10\"],\"outputList\":[\"错误: 找不到或无法加载主类 Main\",\"错误: 找不到或无法加载主类 Main\",\"错误: 找不到或无法加载主类 Main\",\"错误: 找不到或无法加载主类 Main\"],\"message\":\"运行时错误\",\"time\":0,\"memory\":12767}', 2, 11, '2024-12-15 17:24:32', '2024-12-15 17:24:37', 0);
INSERT INTO `oj_question_submit` VALUES (173, 22, 1, 'java', 'public class Solution {\n    public boolean isPalindrome(int x) {\n        if (x < 0 || (x % 10 == 0 && x != 0)) {\n            return false;\n        }\n\n        int revertedNumber = 0;\n        while (x > revertedNumber) {\n            revertedNumber = revertedNumber * 10 + x % 10;\n            x /= 10;\n        }\n        return x == revertedNumber || x == revertedNumber / 10;\n    }\n}', '{\"inputList\":[\"121\",\"12321\",\"-121\",\"10\"],\"outputList\":[\"true\",\"true\",\"false\",\"false\"],\"message\":\"答案正确\",\"time\":0,\"memory\":12137}', 2, 1, '2024-12-08 17:25:26', '2024-12-15 17:25:35', 0);
INSERT INTO `oj_question_submit` VALUES (174, 22, 1, 'java', 'public class Solution {\n    public boolean isPalindrome(int x) {\n        if (x < 0 || (x % 10 == 0 && x != 0)) {\n            return false;\n        }\n\n        int revertedNumber = 0;\n        while (x > revertedNumber) {\n            revertedNumber = revertedNumber * 10 + x % 10;\n            x /= 10;\n        }\n        return x == revertedNumber || x == revertedNumber / 10;\n    }\n}', '{\"inputList\":[\"121\",\"12321\",\"-121\",\"10\"],\"outputList\":[\"true\",\"true\",\"false\",\"false\"],\"message\":\"答案正确\",\"time\":131,\"memory\":12331}', 2, 1, '2024-12-15 17:29:53', '2024-12-15 17:29:54', 0);
INSERT INTO `oj_question_submit` VALUES (175, 22, 1, 'java', 'public class Solution {\n    public boolean isPalindrome(int x) {\n        if (x < 0 || (x % 10 == 0 && x != 0)) {\n            return false;\n        }\n\n        int revertedNumber = 0;\n        while (x > revertedNumber) {\n            revertedNumber = revertedNumber * 10 + x % 10;\n            x /= 10;\n        }\n        return x == revertedNumber || x == revertedNumber / 10;\n    }\n}', '{\"inputList\":[\"121\",\"12321\",\"-121\",\"10\"],\"outputList\":[\"Exception in thread \\\"main\\\" java.lang.ExceptionInInitializerError\\n\\tat sun.misc.Launcher.getBootstrapClassPath(Launcher.java:441)\\n\\tat java.lang.ClassLoader.getBootstrapClassPath(ClassLoader.java:1281)\\n\\tat java.lang.ClassLoader.getBootstrapResources(ClassLoader.java:1268)\\n\\tat java.lang.ClassLoader.getResources(ClassLoader.java:1133)\\n\\tat java.util.ServiceLoader$LazyIterator.hasNextService(ServiceLoader.java:348)\\n\\tat java.util.ServiceLoader$LazyIterator.access$600(ServiceLoader.java:323)\\n\\tat java.util.ServiceLoader$LazyIterator$1.run(ServiceLoader.java:396)\\n\\tat java.util.ServiceLoader$LazyIterator$1.run(ServiceLoader.java:395)\\n\\tat java.security.AccessController.doPrivileged(Native Method)\\n\\tat java.util.ServiceLoader$LazyIterator.hasNext(ServiceLoader.java:398)\\n\\tat java.util.ServiceLoader$1.hasNext(ServiceLoader.java:474)\\n\\tat java.util.ResourceBundle.<clinit>(ResourceBundle.java:377)\\n\\tat sun.launcher.LauncherHelper$ResourceBundleHolder.<clinit>(LauncherHelper.java:91)\\n\\tat sun.launcher.LauncherHelper.getLocalizedMessage(LauncherHelper.java:444)\\n\\tat sun.launcher.LauncherHelper.abort(LauncherHelper.java:566)\\n\\tat sun.launcher.LauncherHelper.checkAndLoadMain(LauncherHelper.java:633)\\nCaused by: java.security.AccessControlException: access denied (\\\"java.io.FilePermission\\\" \\\"D:\\\\java-correlation\\\\Jdk\\\\jre\\\\lib\\\\resources.jar\\\" \\\"read\\\")\\n\\tat java.security.AccessControlContext.checkPermission(AccessControlContext.java:472)\\n\\tat java.security.AccessController.checkPermission(AccessController.java:886)\\n\\tat java.lang.SecurityManager.checkPermission(SecurityManager.java:549)\\n\\tat java.lang.SecurityManager.checkRead(SecurityManager.java:888)\\n\\tat MySecurityManager.checkRead(MySecurityManager.java:11)\\n\\tat java.io.File.exists(File.java:825)\\n\\tat java.io.WinNTFileSystem.canonicalize(WinNTFileSystem.java:484)\\n\\tat java.io.File.getCanonicalPath(File.java:626)\\n\\tat java.io.FilePermission$1.run(FilePermission.java:224)\\n\\tat java.io.FilePermission$1.run(FilePermission.java:212)\\n\\tat java.security.AccessController.doPrivileged(Native Method)\\n\\tat java.io.FilePermission.init(FilePermission.java:212)\\n\\tat java.io.FilePermission.<init>(FilePermission.java:299)\\n\\tat java.lang.SecurityManager.checkRead(SecurityManager.java:888)\\n\\tat MySecurityManager.checkRead(MySecurityManager.java:11)\\n\\tat java.io.File.isDirectory(File.java:855)\\n\\tat sun.misc.Launcher$BootClassPathHolder$1.run(Launcher.java:421)\\n\\tat sun.misc.Launcher$BootClassPathHolder$1.run(Launcher.java:412)\\n\\tat java.security.AccessController.doPrivileged(Native Method)\\n\\tat sun.misc.Launcher$BootClassPathHolder.<clinit>(Launcher.java:411)\\n\\t... 16 more\",\"Exception in thread \\\"main\\\" java.lang.ExceptionInInitializerError\\n\\tat sun.misc.Launcher.getBootstrapClassPath(Launcher.java:441)\\n\\tat java.lang.ClassLoader.getBootstrapClassPath(ClassLoader.java:1281)\\n\\tat java.lang.ClassLoader.getBootstrapResources(ClassLoader.java:1268)\\n\\tat java.lang.ClassLoader.getResources(ClassLoader.java:1133)\\n\\tat java.util.ServiceLoader$LazyIterator.hasNextService(ServiceLoader.java:348)\\n\\tat java.util.ServiceLoader$LazyIterator.access$600(ServiceLoader.java:323)\\n\\tat java.util.ServiceLoader$LazyIterator$1.run(ServiceLoader.java:396)\\n\\tat java.util.ServiceLoader$LazyIterator$1.run(ServiceLoader.java:395)\\n\\tat java.security.AccessController.doPrivileged(Native Method)\\n\\tat java.util.ServiceLoader$LazyIterator.hasNext(ServiceLoader.java:398)\\n\\tat java.util.ServiceLoader$1.hasNext(ServiceLoader.java:474)\\n\\tat java.util.ResourceBundle.<clinit>(ResourceBundle.java:377)\\n\\tat sun.launcher.LauncherHelper$ResourceBundleHolder.<clinit>(LauncherHelper.java:91)\\n\\tat sun.launcher.LauncherHelper.getLocalizedMessage(LauncherHelper.java:444)\\n\\tat sun.launcher.LauncherHelper.abort(LauncherHelper.java:566)\\n\\tat sun.launcher.LauncherHelper.checkAndLoadMain(LauncherHelper.java:633)\\nCaused by: java.security.AccessControlException: access denied (\\\"java.io.FilePermission\\\" \\\"D:\\\\java-correlation\\\\Jdk\\\\jre\\\\lib\\\\resources.jar\\\" \\\"read\\\")\\n\\tat java.security.AccessControlContext.checkPermission(AccessControlContext.java:472)\\n\\tat java.security.AccessController.checkPermission(AccessController.java:886)\\n\\tat java.lang.SecurityManager.checkPermission(SecurityManager.java:549)\\n\\tat java.lang.SecurityManager.checkRead(SecurityManager.java:888)\\n\\tat MySecurityManager.checkRead(MySecurityManager.java:11)\\n\\tat java.io.File.exists(File.java:825)\\n\\tat java.io.WinNTFileSystem.canonicalize(WinNTFileSystem.java:484)\\n\\tat java.io.File.getCanonicalPath(File.java:626)\\n\\tat java.io.FilePermission$1.run(FilePermission.java:224)\\n\\tat java.io.FilePermission$1.run(FilePermission.java:212)\\n\\tat java.security.AccessController.doPrivileged(Native Method)\\n\\tat java.io.FilePermission.init(FilePermission.java:212)\\n\\tat java.io.FilePermission.<init>(FilePermission.java:299)\\n\\tat java.lang.SecurityManager.checkRead(SecurityManager.java:888)\\n\\tat MySecurityManager.checkRead(MySecurityManager.java:11)\\n\\tat java.io.File.isDirectory(File.java:855)\\n\\tat sun.misc.Launcher$BootClassPathHolder$1.run(Launcher.java:421)\\n\\tat sun.misc.Launcher$BootClassPathHolder$1.run(Launcher.java:412)\\n\\tat java.security.AccessController.doPrivileged(Native Method)\\n\\tat sun.misc.Launcher$BootClassPathHolder.<clinit>(Launcher.java:411)\\n\\t... 16 more\",\"Exception in thread \\\"main\\\" java.lang.ExceptionInInitializerError\\n\\tat sun.misc.Launcher.getBootstrapClassPath(Launcher.java:441)\\n\\tat java.lang.ClassLoader.getBootstrapClassPath(ClassLoader.java:1281)\\n\\tat java.lang.ClassLoader.getBootstrapResources(ClassLoader.java:1268)\\n\\tat java.lang.ClassLoader.getResources(ClassLoader.java:1133)\\n\\tat java.util.ServiceLoader$LazyIterator.hasNextService(ServiceLoader.java:348)\\n\\tat java.util.ServiceLoader$LazyIterator.access$600(ServiceLoader.java:323)\\n\\tat java.util.ServiceLoader$LazyIterator$1.run(ServiceLoader.java:396)\\n\\tat java.util.ServiceLoader$LazyIterator$1.run(ServiceLoader.java:395)\\n\\tat java.security.AccessController.doPrivileged(Native Method)\\n\\tat java.util.ServiceLoader$LazyIterator.hasNext(ServiceLoader.java:398)\\n\\tat java.util.ServiceLoader$1.hasNext(ServiceLoader.java:474)\\n\\tat java.util.ResourceBundle.<clinit>(ResourceBundle.java:377)\\n\\tat sun.launcher.LauncherHelper$ResourceBundleHolder.<clinit>(LauncherHelper.java:91)\\n\\tat sun.launcher.LauncherHelper.getLocalizedMessage(LauncherHelper.java:444)\\n\\tat sun.launcher.LauncherHelper.abort(LauncherHelper.java:566)\\n\\tat sun.launcher.LauncherHelper.checkAndLoadMain(LauncherHelper.java:633)\\nCaused by: java.security.AccessControlException: access denied (\\\"java.io.FilePermission\\\" \\\"D:\\\\java-correlation\\\\Jdk\\\\jre\\\\lib\\\\resources.jar\\\" \\\"read\\\")\\n\\tat java.security.AccessControlContext.checkPermission(AccessControlContext.java:472)\\n\\tat java.security.AccessController.checkPermission(AccessController.java:886)\\n\\tat java.lang.SecurityManager.checkPermission(SecurityManager.java:549)\\n\\tat java.lang.SecurityManager.checkRead(SecurityManager.java:888)\\n\\tat MySecurityManager.checkRead(MySecurityManager.java:11)\\n\\tat java.io.File.exists(File.java:825)\\n\\tat java.io.WinNTFileSystem.canonicalize(WinNTFileSystem.java:484)\\n\\tat java.io.File.getCanonicalPath(File.java:626)\\n\\tat java.io.FilePermission$1.run(FilePermission.java:224)\\n\\tat java.io.FilePermission$1.run(FilePermission.java:212)\\n\\tat java.security.AccessController.doPrivileged(Native Method)\\n\\tat java.io.FilePermission.init(FilePermission.java:212)\\n\\tat java.io.FilePermission.<init>(FilePermission.java:299)\\n\\tat java.lang.SecurityManager.checkRead(SecurityManager.java:888)\\n\\tat MySecurityManager.checkRead(MySecurityManager.java:11)\\n\\tat java.io.File.isDirectory(File.java:855)\\n\\tat sun.misc.Launcher$BootClassPathHolder$1.run(Launcher.java:421)\\n\\tat sun.misc.Launcher$BootClassPathHolder$1.run(Launcher.java:412)\\n\\tat java.security.AccessController.doPrivileged(Native Method)\\n\\tat sun.misc.Launcher$BootClassPathHolder.<clinit>(Launcher.java:411)\\n\\t... 16 more\",\"Exception in thread \\\"main\\\" java.lang.ExceptionInInitializerError\\n\\tat sun.misc.Launcher.getBootstrapClassPath(Launcher.java:441)\\n\\tat java.lang.ClassLoader.getBootstrapClassPath(ClassLoader.java:1281)\\n\\tat java.lang.ClassLoader.getBootstrapResources(ClassLoader.java:1268)\\n\\tat java.lang.ClassLoader.getResources(ClassLoader.java:1133)\\n\\tat java.util.ServiceLoader$LazyIterator.hasNextService(ServiceLoader.java:348)\\n\\tat java.util.ServiceLoader$LazyIterator.access$600(ServiceLoader.java:323)\\n\\tat java.util.ServiceLoader$LazyIterator$1.run(ServiceLoader.java:396)\\n\\tat java.util.ServiceLoader$LazyIterator$1.run(ServiceLoader.java:395)\\n\\tat java.security.AccessController.doPrivileged(Native Method)\\n\\tat java.util.ServiceLoader$LazyIterator.hasNext(ServiceLoader.java:398)\\n\\tat java.util.ServiceLoader$1.hasNext(ServiceLoader.java:474)\\n\\tat java.util.ResourceBundle.<clinit>(ResourceBundle.java:377)\\n\\tat sun.launcher.LauncherHelper$ResourceBundleHolder.<clinit>(LauncherHelper.java:91)\\n\\tat sun.launcher.LauncherHelper.getLocalizedMessage(LauncherHelper.java:444)\\n\\tat sun.launcher.LauncherHelper.abort(LauncherHelper.java:566)\\n\\tat sun.launcher.LauncherHelper.checkAndLoadMain(LauncherHelper.java:633)\\nCaused by: java.security.AccessControlException: access denied (\\\"java.io.FilePermission\\\" \\\"D:\\\\java-correlation\\\\Jdk\\\\jre\\\\lib\\\\resources.jar\\\" \\\"read\\\")\\n\\tat java.security.AccessControlContext.checkPermission(AccessControlContext.java:472)\\n\\tat java.security.AccessController.checkPermission(AccessController.java:886)\\n\\tat java.lang.SecurityManager.checkPermission(SecurityManager.java:549)\\n\\tat java.lang.SecurityManager.checkRead(SecurityManager.java:888)\\n\\tat MySecurityManager.checkRead(MySecurityManager.java:11)\\n\\tat java.io.File.exists(File.java:825)\\n\\tat java.io.WinNTFileSystem.canonicalize(WinNTFileSystem.java:484)\\n\\tat java.io.File.getCanonicalPath(File.java:626)\\n\\tat java.io.FilePermission$1.run(FilePermission.java:224)\\n\\tat java.io.FilePermission$1.run(FilePermission.java:212)\\n\\tat java.security.AccessController.doPrivileged(Native Method)\\n\\tat java.io.FilePermission.init(FilePermission.java:212)\\n\\tat java.io.FilePermission.<init>(FilePermission.java:299)\\n\\tat java.lang.SecurityManager.checkRead(SecurityManager.java:888)\\n\\tat MySecurityManager.checkRead(MySecurityManager.java:11)\\n\\tat java.io.File.isDirectory(File.java:855)\\n\\tat sun.misc.Launcher$BootClassPathHolder$1.run(Launcher.java:421)\\n\\tat sun.misc.Launcher$BootClassPathHolder$1.run(Launcher.java:412)\\n\\tat java.security.AccessController.doPrivileged(Native Method)\\n\\tat sun.misc.Launcher$BootClassPathHolder.<clinit>(Launcher.java:411)\\n\\t... 16 more\"],\"message\":\"运行时错误\",\"time\":131,\"memory\":12313}', 2, NULL, '2024-12-15 17:33:19', '2024-12-15 17:33:20', 0);
INSERT INTO `oj_question_submit` VALUES (176, 22, 1, 'java', 'public class Solution {\n    public boolean isPalindrome(int x) {\n        if (x < 0 || (x % 10 == 0 && x != 0)) {\n            return false;\n        }\n\n        int revertedNumber = 0;\n        while (x > revertedNumber) {\n            revertedNumber = revertedNumber * 10 + x % 10;\n            x /= 10;\n        }\n        return x == revertedNumber || x == revertedNumber / 10;\n    }\n}', '{\"inputList\":[\"121\",\"12321\",\"-121\",\"10\"],\"outputList\":[\"true\",\"true\",\"false\",\"false\"],\"message\":\"答案正确\",\"time\":106,\"memory\":11989}', 2, 1, '2024-12-15 17:40:58', '2024-12-15 17:40:59', 0);
INSERT INTO `oj_question_submit` VALUES (177, 27, 1, 'java', 'import java.io.File;\nimport java.io.IOException;\nimport java.nio.file.Files;\nimport java.nio.file.Paths;\nimport java.util.List;\n\npublic class Solution {\n    public String isPalindrome() {\n        String userDir = System.getProperty(\"user.dir\");\n        String filePath = userDir + File.separator + \"src/main/resources/application.yml\";\n        List<String> allLines = Files.readAllLines(Paths.get(filePath));\n        return String.join(\"\\n\", allLines);\n    }\n}', '{\"message\":\"编译错误\",\"time\":0,\"memory\":0}', 2, 3, '2024-12-15 17:42:22', '2024-12-15 17:42:23', 0);
INSERT INTO `oj_question_submit` VALUES (178, 27, 1, 'java', 'import java.io.File;\nimport java.io.IOException;\nimport java.nio.file.Files;\nimport java.nio.file.Paths;\nimport java.util.List;\n\npublic class Solution {\n    public String isPalindrome() {\n        String userDir = System.getProperty(\"user.dir\");\n        String filePath = userDir + File.separator + \"src/main/resources/application.yml\";\n        List<String> allLines = null;\n        try {\n            allLines = Files.readAllLines(Paths.get(filePath));\n        } catch (IOException e) {\n            throw new RuntimeException(e);\n        }\n        return String.join(\"\\n\", allLines);\n    }\n}', '{\"inputList\":[\"123\",\"123\"],\"outputList\":[\"server:\\n  port: 8200\\n\",\"server:\\n  port: 8200\\n\"],\"message\":\"答案错误\",\"time\":120,\"memory\":12698}', 2, 2, '2024-12-15 17:42:54', '2024-12-15 17:42:55', 0);
INSERT INTO `oj_question_submit` VALUES (179, 27, 1, 'java', 'import java.io.File;\nimport java.io.IOException;\nimport java.nio.file.Files;\nimport java.nio.file.Paths;\nimport java.util.List;\n\npublic class Solution {\n    public String isPalindrome() {\n        String userDir = System.getProperty(\"user.dir\");\n        String filePath = userDir + File.separator + \"src/main/resources/application.yml\";\n        List<String> allLines = null;\n        try {\n            allLines = Files.readAllLines(Paths.get(filePath));\n        } catch (IOException e) {\n            throw new RuntimeException(e);\n        }\n        return String.join(\"\\n\", allLines);\n    }\n}', '{\"inputList\":[\"123\",\"123\"],\"outputList\":[\"server:\\n  port: 8200\\n\",\"server:\\n  port: 8200\\n\"],\"message\":\"答案错误\",\"time\":117,\"memory\":12050}', 2, 2, '2024-12-15 18:04:10', '2024-12-15 18:04:11', 0);
INSERT INTO `oj_question_submit` VALUES (180, 27, 1, 'java', 'import java.io.File;\nimport java.io.IOException;\nimport java.nio.file.Files;\nimport java.nio.file.Paths;\nimport java.util.List;\n\npublic class Solution {\n    public String isPalindrome() {\n        String userDir = System.getProperty(\"user.dir\");\n        String filePath = userDir + File.separator + \"src/main/resources/application.yml\";\n        List<String> allLines = null;\n        try {\n            allLines = Files.readAllLines(Paths.get(filePath));\n        } catch (IOException e) {\n            throw new RuntimeException(e);\n        }\n        return String.join(\"\\n\", allLines);\n    }\n}', '{\"inputList\":[\"123\",\"123\"],\"outputList\":[\"Exception in thread \\\"main\\\" java.lang.ExceptionInInitializerError\\n\\tat sun.misc.Launcher.getBootstrapClassPath(Launcher.java:441)\\n\\tat java.lang.ClassLoader.getBootstrapClassPath(ClassLoader.java:1281)\\n\\tat java.lang.ClassLoader.getBootstrapResources(ClassLoader.java:1268)\\n\\tat java.lang.ClassLoader.getResources(ClassLoader.java:1133)\\n\\tat java.util.ServiceLoader$LazyIterator.hasNextService(ServiceLoader.java:348)\\n\\tat java.util.ServiceLoader$LazyIterator.access$600(ServiceLoader.java:323)\\n\\tat java.util.ServiceLoader$LazyIterator$1.run(ServiceLoader.java:396)\\n\\tat java.util.ServiceLoader$LazyIterator$1.run(ServiceLoader.java:395)\\n\\tat java.security.AccessController.doPrivileged(Native Method)\\n\\tat java.util.ServiceLoader$LazyIterator.hasNext(ServiceLoader.java:398)\\n\\tat java.util.ServiceLoader$1.hasNext(ServiceLoader.java:474)\\n\\tat java.util.ResourceBundle.<clinit>(ResourceBundle.java:377)\\n\\tat sun.launcher.LauncherHelper$ResourceBundleHolder.<clinit>(LauncherHelper.java:91)\\n\\tat sun.launcher.LauncherHelper.getLocalizedMessage(LauncherHelper.java:444)\\n\\tat sun.launcher.LauncherHelper.abort(LauncherHelper.java:566)\\n\\tat sun.launcher.LauncherHelper.checkAndLoadMain(LauncherHelper.java:633)\\nCaused by: java.lang.SecurityException: Read access to files is not allowed\\n\\tat MySecurityManager.checkRead(MySecurityManager.java:5)\\n\\tat java.io.File.isDirectory(File.java:855)\\n\\tat sun.misc.Launcher$BootClassPathHolder$1.run(Launcher.java:421)\\n\\tat sun.misc.Launcher$BootClassPathHolder$1.run(Launcher.java:412)\\n\\tat java.security.AccessController.doPrivileged(Native Method)\\n\\tat sun.misc.Launcher$BootClassPathHolder.<clinit>(Launcher.java:411)\\n\\t... 16 more\",\"Exception in thread \\\"main\\\" java.lang.ExceptionInInitializerError\\n\\tat sun.misc.Launcher.getBootstrapClassPath(Launcher.java:441)\\n\\tat java.lang.ClassLoader.getBootstrapClassPath(ClassLoader.java:1281)\\n\\tat java.lang.ClassLoader.getBootstrapResources(ClassLoader.java:1268)\\n\\tat java.lang.ClassLoader.getResources(ClassLoader.java:1133)\\n\\tat java.util.ServiceLoader$LazyIterator.hasNextService(ServiceLoader.java:348)\\n\\tat java.util.ServiceLoader$LazyIterator.access$600(ServiceLoader.java:323)\\n\\tat java.util.ServiceLoader$LazyIterator$1.run(ServiceLoader.java:396)\\n\\tat java.util.ServiceLoader$LazyIterator$1.run(ServiceLoader.java:395)\\n\\tat java.security.AccessController.doPrivileged(Native Method)\\n\\tat java.util.ServiceLoader$LazyIterator.hasNext(ServiceLoader.java:398)\\n\\tat java.util.ServiceLoader$1.hasNext(ServiceLoader.java:474)\\n\\tat java.util.ResourceBundle.<clinit>(ResourceBundle.java:377)\\n\\tat sun.launcher.LauncherHelper$ResourceBundleHolder.<clinit>(LauncherHelper.java:91)\\n\\tat sun.launcher.LauncherHelper.getLocalizedMessage(LauncherHelper.java:444)\\n\\tat sun.launcher.LauncherHelper.abort(LauncherHelper.java:566)\\n\\tat sun.launcher.LauncherHelper.checkAndLoadMain(LauncherHelper.java:633)\\nCaused by: java.lang.SecurityException: Read access to files is not allowed\\n\\tat MySecurityManager.checkRead(MySecurityManager.java:5)\\n\\tat java.io.File.isDirectory(File.java:855)\\n\\tat sun.misc.Launcher$BootClassPathHolder$1.run(Launcher.java:421)\\n\\tat sun.misc.Launcher$BootClassPathHolder$1.run(Launcher.java:412)\\n\\tat java.security.AccessController.doPrivileged(Native Method)\\n\\tat sun.misc.Launcher$BootClassPathHolder.<clinit>(Launcher.java:411)\\n\\t... 16 more\"],\"message\":\"运行时错误\",\"time\":151,\"memory\":12201}', 2, 3, '2024-12-15 18:05:05', '2024-12-15 18:05:06', 0);
INSERT INTO `oj_question_submit` VALUES (181, 22, 1, 'java', 'public class Solution {\n    public boolean isPalindrome(int x) {\n        if (x < 0 || (x % 10 == 0 && x != 0)) {\n            return false;\n        }\n\n        int revertedNumber = 0;\n        while (x > revertedNumber) {\n            revertedNumber = revertedNumber * 10 + x % 10;\n            x /= 10;\n        }\n        return x == revertedNumber || x == revertedNumber / 10;\n    }\n}', '{\"inputList\":[\"121\",\"12321\",\"-121\",\"10\"],\"outputList\":[\"Exception in thread \\\"main\\\" java.lang.ExceptionInInitializerError\\n\\tat sun.misc.Launcher.getBootstrapClassPath(Launcher.java:441)\\n\\tat java.lang.ClassLoader.getBootstrapClassPath(ClassLoader.java:1281)\\n\\tat java.lang.ClassLoader.getBootstrapResources(ClassLoader.java:1268)\\n\\tat java.lang.ClassLoader.getResources(ClassLoader.java:1133)\\n\\tat java.util.ServiceLoader$LazyIterator.hasNextService(ServiceLoader.java:348)\\n\\tat java.util.ServiceLoader$LazyIterator.access$600(ServiceLoader.java:323)\\n\\tat java.util.ServiceLoader$LazyIterator$1.run(ServiceLoader.java:396)\\n\\tat java.util.ServiceLoader$LazyIterator$1.run(ServiceLoader.java:395)\\n\\tat java.security.AccessController.doPrivileged(Native Method)\\n\\tat java.util.ServiceLoader$LazyIterator.hasNext(ServiceLoader.java:398)\\n\\tat java.util.ServiceLoader$1.hasNext(ServiceLoader.java:474)\\n\\tat java.util.ResourceBundle.<clinit>(ResourceBundle.java:377)\\n\\tat sun.launcher.LauncherHelper$ResourceBundleHolder.<clinit>(LauncherHelper.java:91)\\n\\tat sun.launcher.LauncherHelper.getLocalizedMessage(LauncherHelper.java:444)\\n\\tat sun.launcher.LauncherHelper.abort(LauncherHelper.java:566)\\n\\tat sun.launcher.LauncherHelper.checkAndLoadMain(LauncherHelper.java:633)\\nCaused by: java.lang.SecurityException: Read access to files is not allowed\\n\\tat MySecurityManager.checkRead(MySecurityManager.java:5)\\n\\tat java.io.File.isDirectory(File.java:855)\\n\\tat sun.misc.Launcher$BootClassPathHolder$1.run(Launcher.java:421)\\n\\tat sun.misc.Launcher$BootClassPathHolder$1.run(Launcher.java:412)\\n\\tat java.security.AccessController.doPrivileged(Native Method)\\n\\tat sun.misc.Launcher$BootClassPathHolder.<clinit>(Launcher.java:411)\\n\\t... 16 more\",\"Exception in thread \\\"main\\\" java.lang.ExceptionInInitializerError\\n\\tat sun.misc.Launcher.getBootstrapClassPath(Launcher.java:441)\\n\\tat java.lang.ClassLoader.getBootstrapClassPath(ClassLoader.java:1281)\\n\\tat java.lang.ClassLoader.getBootstrapResources(ClassLoader.java:1268)\\n\\tat java.lang.ClassLoader.getResources(ClassLoader.java:1133)\\n\\tat java.util.ServiceLoader$LazyIterator.hasNextService(ServiceLoader.java:348)\\n\\tat java.util.ServiceLoader$LazyIterator.access$600(ServiceLoader.java:323)\\n\\tat java.util.ServiceLoader$LazyIterator$1.run(ServiceLoader.java:396)\\n\\tat java.util.ServiceLoader$LazyIterator$1.run(ServiceLoader.java:395)\\n\\tat java.security.AccessController.doPrivileged(Native Method)\\n\\tat java.util.ServiceLoader$LazyIterator.hasNext(ServiceLoader.java:398)\\n\\tat java.util.ServiceLoader$1.hasNext(ServiceLoader.java:474)\\n\\tat java.util.ResourceBundle.<clinit>(ResourceBundle.java:377)\\n\\tat sun.launcher.LauncherHelper$ResourceBundleHolder.<clinit>(LauncherHelper.java:91)\\n\\tat sun.launcher.LauncherHelper.getLocalizedMessage(LauncherHelper.java:444)\\n\\tat sun.launcher.LauncherHelper.abort(LauncherHelper.java:566)\\n\\tat sun.launcher.LauncherHelper.checkAndLoadMain(LauncherHelper.java:633)\\nCaused by: java.lang.SecurityException: Read access to files is not allowed\\n\\tat MySecurityManager.checkRead(MySecurityManager.java:5)\\n\\tat java.io.File.isDirectory(File.java:855)\\n\\tat sun.misc.Launcher$BootClassPathHolder$1.run(Launcher.java:421)\\n\\tat sun.misc.Launcher$BootClassPathHolder$1.run(Launcher.java:412)\\n\\tat java.security.AccessController.doPrivileged(Native Method)\\n\\tat sun.misc.Launcher$BootClassPathHolder.<clinit>(Launcher.java:411)\\n\\t... 16 more\",\"Exception in thread \\\"main\\\" java.lang.ExceptionInInitializerError\\n\\tat sun.misc.Launcher.getBootstrapClassPath(Launcher.java:441)\\n\\tat java.lang.ClassLoader.getBootstrapClassPath(ClassLoader.java:1281)\\n\\tat java.lang.ClassLoader.getBootstrapResources(ClassLoader.java:1268)\\n\\tat java.lang.ClassLoader.getResources(ClassLoader.java:1133)\\n\\tat java.util.ServiceLoader$LazyIterator.hasNextService(ServiceLoader.java:348)\\n\\tat java.util.ServiceLoader$LazyIterator.access$600(ServiceLoader.java:323)\\n\\tat java.util.ServiceLoader$LazyIterator$1.run(ServiceLoader.java:396)\\n\\tat java.util.ServiceLoader$LazyIterator$1.run(ServiceLoader.java:395)\\n\\tat java.security.AccessController.doPrivileged(Native Method)\\n\\tat java.util.ServiceLoader$LazyIterator.hasNext(ServiceLoader.java:398)\\n\\tat java.util.ServiceLoader$1.hasNext(ServiceLoader.java:474)\\n\\tat java.util.ResourceBundle.<clinit>(ResourceBundle.java:377)\\n\\tat sun.launcher.LauncherHelper$ResourceBundleHolder.<clinit>(LauncherHelper.java:91)\\n\\tat sun.launcher.LauncherHelper.getLocalizedMessage(LauncherHelper.java:444)\\n\\tat sun.launcher.LauncherHelper.abort(LauncherHelper.java:566)\\n\\tat sun.launcher.LauncherHelper.checkAndLoadMain(LauncherHelper.java:633)\\nCaused by: java.lang.SecurityException: Read access to files is not allowed\\n\\tat MySecurityManager.checkRead(MySecurityManager.java:5)\\n\\tat java.io.File.isDirectory(File.java:855)\\n\\tat sun.misc.Launcher$BootClassPathHolder$1.run(Launcher.java:421)\\n\\tat sun.misc.Launcher$BootClassPathHolder$1.run(Launcher.java:412)\\n\\tat java.security.AccessController.doPrivileged(Native Method)\\n\\tat sun.misc.Launcher$BootClassPathHolder.<clinit>(Launcher.java:411)\\n\\t... 16 more\",\"Exception in thread \\\"main\\\" java.lang.ExceptionInInitializerError\\n\\tat sun.misc.Launcher.getBootstrapClassPath(Launcher.java:441)\\n\\tat java.lang.ClassLoader.getBootstrapClassPath(ClassLoader.java:1281)\\n\\tat java.lang.ClassLoader.getBootstrapResources(ClassLoader.java:1268)\\n\\tat java.lang.ClassLoader.getResources(ClassLoader.java:1133)\\n\\tat java.util.ServiceLoader$LazyIterator.hasNextService(ServiceLoader.java:348)\\n\\tat java.util.ServiceLoader$LazyIterator.access$600(ServiceLoader.java:323)\\n\\tat java.util.ServiceLoader$LazyIterator$1.run(ServiceLoader.java:396)\\n\\tat java.util.ServiceLoader$LazyIterator$1.run(ServiceLoader.java:395)\\n\\tat java.security.AccessController.doPrivileged(Native Method)\\n\\tat java.util.ServiceLoader$LazyIterator.hasNext(ServiceLoader.java:398)\\n\\tat java.util.ServiceLoader$1.hasNext(ServiceLoader.java:474)\\n\\tat java.util.ResourceBundle.<clinit>(ResourceBundle.java:377)\\n\\tat sun.launcher.LauncherHelper$ResourceBundleHolder.<clinit>(LauncherHelper.java:91)\\n\\tat sun.launcher.LauncherHelper.getLocalizedMessage(LauncherHelper.java:444)\\n\\tat sun.launcher.LauncherHelper.abort(LauncherHelper.java:566)\\n\\tat sun.launcher.LauncherHelper.checkAndLoadMain(LauncherHelper.java:633)\\nCaused by: java.lang.SecurityException: Read access to files is not allowed\\n\\tat MySecurityManager.checkRead(MySecurityManager.java:5)\\n\\tat java.io.File.isDirectory(File.java:855)\\n\\tat sun.misc.Launcher$BootClassPathHolder$1.run(Launcher.java:421)\\n\\tat sun.misc.Launcher$BootClassPathHolder$1.run(Launcher.java:412)\\n\\tat java.security.AccessController.doPrivileged(Native Method)\\n\\tat sun.misc.Launcher$BootClassPathHolder.<clinit>(Launcher.java:411)\\n\\t... 16 more\"],\"message\":\"运行时错误\",\"time\":113,\"memory\":12754}', 2, 3, '2024-12-15 18:05:23', '2024-12-15 18:05:24', 0);
INSERT INTO `oj_question_submit` VALUES (182, 22, 1, 'java', 'public class Solution {\n    public boolean isPalindrome(int x) {\n        if (x < 0 || (x % 10 == 0 && x != 0)) {\n            return false;\n        }\n\n        int revertedNumber = 0;\n        while (x > revertedNumber) {\n            revertedNumber = revertedNumber * 10 + x % 10;\n            x /= 10;\n        }\n        return x == revertedNumber || x == revertedNumber / 10;\n    }\n}', '{\"inputList\":[\"121\",\"12321\",\"-121\",\"10\"],\"outputList\":[\"true\",\"true\",\"false\",\"false\"],\"message\":\"答案正确\",\"time\":134,\"memory\":12121}', 2, 1, '2024-12-15 18:10:59', '2024-12-15 18:11:00', 0);
INSERT INTO `oj_question_submit` VALUES (183, 27, 1, 'java', 'public class Solution {\n    public String isPalindrome() {\n        String userDir = System.getProperty(\"user.dir\");\n        String filePath = userDir + File.separator + \"src/main/resources/application.yml\";\n        List<String> allLines = null;\n        try {\n            allLines = Files.readAllLines(Paths.get(filePath));\n        } catch (IOException e) {\n            throw new RuntimeException(e);\n        }\n        return String.join(\"\\n\", allLines);\n    }\n}', '{\"message\":\"编译错误\",\"time\":0,\"memory\":0}', 2, 3, '2024-12-15 18:11:31', '2024-12-15 18:11:32', 0);
INSERT INTO `oj_question_submit` VALUES (184, 27, 1, 'java', 'import java.io.File;\nimport java.io.IOException;\nimport java.nio.file.Files;\nimport java.nio.file.Paths;\nimport java.util.List;\n\npublic class Solution {\n    public String isPalindrome() {\n        String userDir = System.getProperty(\"user.dir\");\n        String filePath = userDir + File.separator + \"src/main/resources/application.yml\";\n        List<String> allLines = null;\n        try {\n            allLines = Files.readAllLines(Paths.get(filePath));\n        } catch (IOException e) {\n            throw new RuntimeException(e);\n        }\n        return String.join(\"\\n\", allLines);\n    }\n}', '{\"inputList\":[\"123\",\"123\"],\"outputList\":[\"server:\\n  port: 8200\\n\",\"server:\\n  port: 8200\\n\"],\"message\":\"答案错误\",\"time\":120,\"memory\":12676}', 2, 2, '2024-12-15 18:11:52', '2024-12-15 18:11:53', 0);
INSERT INTO `oj_question_submit` VALUES (185, 22, 1, 'java', 'public class Solution {\n    public boolean isPalindrome(int x) {\n        if (x < 0 || (x % 10 == 0 && x != 0)) {\n            return false;\n        }\n\n        int revertedNumber = 0;\n        while (x > revertedNumber) {\n            revertedNumber = revertedNumber * 10 + x % 10;\n            x /= 10;\n        }\n        return x == revertedNumber || x == revertedNumber / 10;\n    }\n}', '{\"inputList\":[\"121\",\"12321\",\"-121\",\"10\"],\"outputList\":[\"true\",\"true\",\"false\",\"false\"],\"message\":\"答案正确\",\"time\":100,\"memory\":10668}', 2, 1, '2024-12-15 19:04:06', '2024-12-15 19:04:25', 0);
INSERT INTO `oj_question_submit` VALUES (186, 22, 1041, 'java', 'public class Solution {\n    public boolean isPalindrome(int x) {\n        if (x < 0 || (x % 10 == 0 && x != 0)) {\n            return false;\n        }\n\n        int revertedNumber = 0;\n        while (x > revertedNumber) {\n            revertedNumber = revertedNumber * 10 + x % 10;\n            x /= 10;\n        }\n        return x == revertedNumber || x == revertedNumber / 10;\n    }\n}', '{\"inputList\":[\"121\",\"12321\",\"-121\",\"10\"],\"outputList\":[\"true\",\"true\",\"false\",\"false\"],\"message\":\"答案正确\",\"time\":137,\"memory\":9964}', 2, 1, '2024-12-15 23:59:23', '2024-12-15 23:59:25', 0);
INSERT INTO `oj_question_submit` VALUES (187, 25, 1, 'java', 'class Solution {\n    public int reverse(int x) {\n        int rev = 0;\n        while (x != 0) {\n            if (rev < Integer.MIN_VALUE / 10 || rev > Integer.MAX_VALUE / 10) {\n                return 0;\n            }\n            int digit = x % 10;\n            x /= 10;\n            rev = rev * 10 + digit;\n        }\n        return rev;\n    }\n}', '{\"inputList\":[\"123\",\"-123\",\"120\"],\"outputList\":[\"321\",\"-321\",\"21\"],\"message\":\"答案正确\",\"time\":153,\"memory\":10475}', 2, 1, '2024-12-16 01:00:57', '2024-12-16 01:00:59', 0);
INSERT INTO `oj_question_submit` VALUES (188, 25, 1, 'java', 'class Solution {\n    public int reverse(int x) {\n        int rev = 0;\n        while (x != 0) {\n            if (rev < Integer.MIN_VALUE / 10 || rev > Integer.MAX_VALUE / 10) {\n                return 0;\n            }\n            int digit = x % 10;\n            x /= 10;\n            rev = rev * 10 + digit;\n        }\n    }\n}', '{\"message\":\"编译错误\",\"time\":0,\"memory\":0}', 2, 3, '2024-12-16 01:01:24', '2024-12-16 01:01:25', 0);
INSERT INTO `oj_question_submit` VALUES (189, 25, 1, 'java', 'class Solution {\n    public int reverse(int x) {\n        String str;\n        if (str.length() == 1) {\n            return 123;\n        }\n        int rev = 0;\n        while (x != 0) {\n            if (rev < Integer.MIN_VALUE / 10 || rev > Integer.MAX_VALUE / 10) {\n                return 0;\n            }\n            int digit = x % 10;\n            x /= 10;\n            rev = rev * 10 + digit;\n        }\n        return rev;\n    }\n}', '{\"message\":\"编译错误\",\"time\":0,\"memory\":0}', 2, 3, '2024-12-16 01:02:13', '2024-12-16 01:02:13', 0);
INSERT INTO `oj_question_submit` VALUES (190, 25, 1, 'java', 'class Solution {\n    public int reverse(int x) {\n        String str = null;\n        if (str.length() == 1) {\n            return 123;\n        }\n        int rev = 0;\n        while (x != 0) {\n            if (rev < Integer.MIN_VALUE / 10 || rev > Integer.MAX_VALUE / 10) {\n                return 0;\n            }\n            int digit = x % 10;\n            x /= 10;\n            rev = rev * 10 + digit;\n        }\n        return rev;\n    }\n}', '{\"inputList\":[\"123\",\"-123\",\"120\"],\"outputList\":[\"Exception in thread \\\"main\\\" java.lang.NullPointerException\\n\\tat Solution.reverse(Solution.java:4)\\n\\tat Solution.main(Solution.java:21)\",\"Exception in thread \\\"main\\\" java.lang.NullPointerException\\n\\tat Solution.reverse(Solution.java:4)\\n\\tat Solution.main(Solution.java:21)\",\"Exception in thread \\\"main\\\" java.lang.NullPointerException\\n\\tat Solution.reverse(Solution.java:4)\\n\\tat Solution.main(Solution.java:21)\"],\"message\":\"运行时错误\",\"time\":143,\"memory\":10546}', 2, 10, '2024-12-16 01:02:52', '2024-12-16 01:02:53', 0);
INSERT INTO `oj_question_submit` VALUES (191, 25, 1, 'java', 'class Solution {\n    public int reverse(int x) {\n        long ONE_HOUR = 60 * 60 * 1000L;\n        try {\n        Thread.sleep(ONE_HOUR);\n        } catch (InterruptedException e) {\n        throw new RuntimeException(e);\n        }\n        int rev = 0;\n        while (x != 0) {\n            if (rev < Integer.MIN_VALUE / 10 || rev > Integer.MAX_VALUE / 10) {\n                return 0;\n            }\n            int digit = x % 10;\n            x /= 10;\n            rev = rev * 10 + digit;\n        }\n        return rev;\n    }\n}', '{\"inputList\":[\"123\",\"-123\",\"120\"],\"outputList\":[\"\",\"\",\"\"],\"message\":\"超时\",\"time\":10026,\"memory\":13920}', 2, 5, '2024-12-16 01:04:41', '2024-12-16 01:05:11', 0);
INSERT INTO `oj_question_submit` VALUES (192, 22, 1, 'java', 'public class Solution {\n    public boolean isPalindrome(int x) {\n        if (x < 0 || (x % 10 == 0 && x != 0)) {\n            return false;\n        }\n\n        int revertedNumber = 0;\n        while (x > revertedNumber) {\n            revertedNumber = revertedNumber * 10 + x % 10;\n            x /= 10;\n        }\n        return x == revertedNumber || x == revertedNumber / 10;\n    }\n}', '{\"inputList\":[\"121\",\"12321\",\"-121\",\"10\"],\"outputList\":[\"true\",\"true\",\"false\",\"false\"],\"message\":\"答案正确\",\"time\":105,\"memory\":12486}', 2, 1, '2024-12-18 13:10:06', '2024-12-18 13:10:07', 0);
INSERT INTO `oj_question_submit` VALUES (193, 28, 1, 'java', 'import java.util.HashMap;\nimport java.util.Map;\n\nclass Solution {\n    Map<Character, Integer> symbolValues = new HashMap<Character, Integer>() {{\n        put(\'I\', 1);\n        put(\'V\', 5);\n        put(\'X\', 10);\n        put(\'L\', 50);\n        put(\'C\', 100);\n        put(\'D\', 500);\n        put(\'M\', 1000);\n    }};\n\n    public int romanToInt(String s) {\n        int ans = 0;\n        int n = s.length();\n        for (int i = 0; i < n; ++i) {\n            int value = symbolValues.get(s.charAt(i));\n            if (i < n - 1 && value < symbolValues.get(s.charAt(i + 1))) {\n                ans -= value;\n            } else {\n                ans += value;\n            }\n        }\n        return ans;\n    }\n}', '{\"inputList\":[\"III\",\"LVIII\",\"MCMXCIV\"],\"outputList\":[\"3\",\"58\",\"1994\"],\"message\":\"答案正确\",\"time\":104,\"memory\":12816}', 2, 1, '2025-02-01 14:14:06', '2025-02-01 14:14:07', 0);

-- ----------------------------
-- Table structure for oj_question_tag
-- ----------------------------
DROP TABLE IF EXISTS `oj_question_tag`;
CREATE TABLE `oj_question_tag`  (
  `id` int NOT NULL AUTO_INCREMENT,
  `question_id` int NOT NULL,
  `tag_id` int NOT NULL,
  PRIMARY KEY (`id`) USING BTREE
) ENGINE = InnoDB AUTO_INCREMENT = 51 CHARACTER SET = utf8mb4 COLLATE = utf8mb4_0900_ai_ci ROW_FORMAT = Dynamic;

-- ----------------------------
-- Records of oj_question_tag
-- ----------------------------
INSERT INTO `oj_question_tag` VALUES (38, 25, 27);
INSERT INTO `oj_question_tag` VALUES (40, 27, 31);
INSERT INTO `oj_question_tag` VALUES (41, 22, 27);
INSERT INTO `oj_question_tag` VALUES (48, 28, 36);
INSERT INTO `oj_question_tag` VALUES (49, 28, 27);
INSERT INTO `oj_question_tag` VALUES (50, 28, 37);

-- ----------------------------
-- Table structure for oj_tag
-- ----------------------------
DROP TABLE IF EXISTS `oj_tag`;
CREATE TABLE `oj_tag`  (
  `id` int NOT NULL AUTO_INCREMENT COMMENT 'id',
  `tag` varchar(30) CHARACTER SET utf8mb4 COLLATE utf8mb4_0900_ai_ci NOT NULL COMMENT 'tag名称',
  `citation_count` int NOT NULL COMMENT 'tag引用次数',
  PRIMARY KEY (`id`) USING BTREE
) ENGINE = InnoDB AUTO_INCREMENT = 38 CHARACTER SET = utf8mb4 COLLATE = utf8mb4_0900_ai_ci ROW_FORMAT = Dynamic;

-- ----------------------------
-- Records of oj_tag
-- ----------------------------
INSERT INTO `oj_tag` VALUES (27, '数学', 3);
INSERT INTO `oj_tag` VALUES (31, '测试', 1);
INSERT INTO `oj_tag` VALUES (36, '哈希表', 1);
INSERT INTO `oj_tag` VALUES (37, '字符串', 1);

-- ----------------------------
-- Table structure for t_home
-- ----------------------------
DROP TABLE IF EXISTS `t_home`;
CREATE TABLE `t_home`  (
  `id` int NOT NULL AUTO_INCREMENT COMMENT '模块id',
  `name` varchar(128) CHARACTER SET utf8mb4 COLLATE utf8mb4_0900_ai_ci NOT NULL COMMENT '模块名称',
  `width_value` int NOT NULL DEFAULT 1 COMMENT '模块宽度 1：1/4  2：1/3 3：1/2 4：2/3 5：100%',
  `component` varchar(128) CHARACTER SET utf8mb4 COLLATE utf8mb4_0900_ai_ci NOT NULL COMMENT '组件名称',
  `description` varchar(255) CHARACTER SET utf8mb4 COLLATE utf8mb4_0900_ai_ci NULL DEFAULT NULL COMMENT '描述',
  `preview_img` varchar(128) CHARACTER SET utf8mb4 COLLATE utf8mb4_0900_ai_ci NULL DEFAULT NULL COMMENT '预览图片',
  `create_time` datetime NOT NULL COMMENT '创建时间',
  `update_time` datetime NULL DEFAULT NULL COMMENT '修改时间',
  PRIMARY KEY (`id`) USING BTREE
) ENGINE = InnoDB AUTO_INCREMENT = 23 CHARACTER SET = utf8mb4 COLLATE = utf8mb4_0900_ai_ci ROW_FORMAT = DYNAMIC;

-- ----------------------------
-- Records of t_home
-- ----------------------------
INSERT INTO `t_home` VALUES (7, 'OJ-提交记录', 5, 'SubmitRecord', '个人提交记录', NULL, '2024-01-31 14:42:51', '2024-12-16 21:43:44');
INSERT INTO `t_home` VALUES (8, 'OJ-Ac率', 1, 'OJAC', 'OJ系统提交通过率层叠面积图', 'homeDemo2.png', '2024-01-31 14:43:03', '2024-12-16 21:43:51');
INSERT INTO `t_home` VALUES (9, '用户分布', 1, 'userDistribution', '用户分布', 'homeDemo3.png', '2024-01-31 14:43:14', '2024-12-18 13:17:27');
INSERT INTO `t_home` VALUES (18, 'OJ-排名', 1, 'OJRank', 'OJ通过率 提交率前十名', 'homeDemo4.png', '2024-02-04 16:14:43', '2024-12-16 21:43:58');
INSERT INTO `t_home` VALUES (22, '饼状图示例', 1, 'homeDemo5', NULL, NULL, '2024-02-22 16:04:35', '2024-12-18 13:17:17');

-- ----------------------------
-- Table structure for t_menu
-- ----------------------------
DROP TABLE IF EXISTS `t_menu`;
CREATE TABLE `t_menu`  (
  `id` int NOT NULL AUTO_INCREMENT COMMENT '主键',
  `name` varchar(20) CHARACTER SET utf8mb4 COLLATE utf8mb4_0900_ai_ci NOT NULL COMMENT '菜单名',
  `path` varchar(50) CHARACTER SET utf8mb4 COLLATE utf8mb4_0900_ai_ci NOT NULL COMMENT '菜单路径',
  `component` varchar(50) CHARACTER SET utf8mb4 COLLATE utf8mb4_0900_ai_ci NOT NULL COMMENT '组件',
  `icon` varchar(50) CHARACTER SET utf8mb4 COLLATE utf8mb4_0900_ai_ci NOT NULL COMMENT '菜单icon',
  `create_time` datetime NOT NULL COMMENT '创建时间',
  `update_time` datetime NULL DEFAULT NULL COMMENT '更新时间',
  `order_num` tinyint(1) NOT NULL COMMENT '排序',
  `parent_id` int NULL DEFAULT NULL COMMENT '父id',
  `is_hidden` tinyint(1) NOT NULL DEFAULT 0 COMMENT '是否隐藏  0否1是',
  `menu_type` tinyint(1) NOT NULL DEFAULT 0 COMMENT '菜单类型  0目录  1菜单',
  PRIMARY KEY (`id`) USING BTREE
) ENGINE = InnoDB AUTO_INCREMENT = 277 CHARACTER SET = utf8mb4 COLLATE = utf8mb4_0900_ai_ci ROW_FORMAT = DYNAMIC;

-- ----------------------------
-- Records of t_menu
-- ----------------------------
INSERT INTO `t_menu` VALUES (1, '首页', '/', '/home/index.vue', 'el-icon-myshouye', '2021-01-26 17:06:51', '2024-11-07 23:08:11', 1, NULL, 0, 1);
INSERT INTO `t_menu` VALUES (2, '文章管理', '/article', 'Layout', 'el-icon-mywenzhang-copy', '2021-01-25 20:43:07', '2023-08-04 10:26:48', 2, NULL, 0, 0);
INSERT INTO `t_menu` VALUES (6, '发布文章', '/article/publish', '/article/Publish.vue', 'el-icon-myfabiaowenzhang', '2021-01-26 14:30:48', '2023-09-01 17:12:56', 1, 2, 0, 1);
INSERT INTO `t_menu` VALUES (229, '系统管理', '/system', 'Layout', 'el-icon-myxitong', '2023-07-28 17:18:00', '2024-11-08 21:55:36', 4, NULL, 0, 0);
INSERT INTO `t_menu` VALUES (230, '菜单管理', '/system/menu-management', '/system/menu-management/index.vue', 'el-icon-mycaidan', '2023-07-28 17:18:00', '2023-08-04 11:16:11', 1, 229, 0, 1);
INSERT INTO `t_menu` VALUES (241, '角色管理', '/system/role-management', '/system/role-management/index.vue', 'el-icon-myjiaoseliebiao', '2023-08-04 11:09:50', '2023-08-23 14:49:02', 2, 229, 0, 1);
INSERT INTO `t_menu` VALUES (242, '接口管理', '/system/resource-management', '/system/resource-management/index.vue', 'el-icon-myjiekouguanli', '2023-08-10 09:48:51', '2023-08-10 10:47:54', 3, 229, 0, 1);
INSERT INTO `t_menu` VALUES (243, '用户管理', '/system/user-management', '/system/user-management/index.vue', 'el-icon-myyonghuliebiao', '2023-08-24 11:21:54', '2023-08-24 11:23:15', 4, 229, 0, 1);
INSERT INTO `t_menu` VALUES (244, 'demo', '/demo', 'Layout', 'el-icon-mywenzhang-copy', '2023-09-04 18:21:18', NULL, 4, NULL, 0, 0);
INSERT INTO `t_menu` VALUES (245, 'SSE', '/demo/sse', '/demo/sse.vue', 'el-icon-mycaidan', '2023-09-04 18:23:42', NULL, 1, 244, 0, 1);
INSERT INTO `t_menu` VALUES (246, 'EasyExcel', '/demo/easyExcel', '/demo/easyExcel.vue', 'el-icon-mycaidan', '2023-12-21 15:32:31', '2023-12-21 15:33:26', 2, 244, 0, 1);
INSERT INTO `t_menu` VALUES (247, 'ThreejsMap', '/demo/three', '/demo/three/index.vue', 'el-icon-mycaidan', '2024-01-11 16:24:55', '2024-01-11 16:25:03', 3, 244, 0, 1);
INSERT INTO `t_menu` VALUES (250, '门户管理', '/system/home-management', '/system/home-management/index.vue', 'el-icon-myshouye', '2024-01-22 14:26:07', '2024-01-31 18:07:47', 5, 229, 0, 1);
INSERT INTO `t_menu` VALUES (251, 'loaderCss', '/demo/loaderCss', '/demo/loaderCss.vue', '1231', '2024-01-24 10:26:52', '2024-01-24 10:29:10', 4, 244, 0, 1);
INSERT INTO `t_menu` VALUES (258, 'OJ判题模块', '/oj', 'Layout', 'el-icon-mypinglunzu', '2024-02-21 17:55:11', '2024-11-08 21:55:51', 3, NULL, 0, 0);
INSERT INTO `t_menu` VALUES (269, '创建题目', '/oj/save-question', '/oj/save-question/index.vue', '123', '2024-12-03 22:45:53', NULL, 1, 258, 0, 1);
INSERT INTO `t_menu` VALUES (270, '题目管理', '/oj/question-management', '/oj/question-management/index.vue', '123', '2024-12-03 22:46:32', '2024-12-03 22:49:50', 2, 258, 0, 1);
INSERT INTO `t_menu` VALUES (271, '修改题目', '/oj/save-question/:id', '/oj/save-question/index.vue', '123', '2024-12-03 22:47:29', '2024-12-03 22:48:12', 3, 258, 1, 1);
INSERT INTO `t_menu` VALUES (272, '题目预览', '/oj/preview-question/:id', '/oj/preview-question/index.vue', '123', '2024-12-03 22:48:55', '2024-12-03 23:07:47', 4, 258, 1, 1);
INSERT INTO `t_menu` VALUES (273, '题目列表', '/oj/question-list', '/oj/question-list/index.vue', '123', '2024-12-03 22:49:29', NULL, 5, 258, 0, 1);
INSERT INTO `t_menu` VALUES (274, '提交记录', '/oj/submission-record', '/oj/submission-record/index.vue', '123', '2024-12-04 19:55:32', NULL, 6, 258, 0, 1);
INSERT INTO `t_menu` VALUES (275, '题目提交详情', '/oj/question-submit-detail/:id', '/oj/question-submit-detail/index.vue', '123', '2024-12-13 23:14:45', '2024-12-15 19:06:13', 7, 258, 1, 1);
INSERT INTO `t_menu` VALUES (276, '排名', '/oj/rank', '/oj/rank/index.vue', '123', '2024-12-16 00:21:32', NULL, 8, 258, 0, 1);

-- ----------------------------
-- Table structure for t_resource
-- ----------------------------
DROP TABLE IF EXISTS `t_resource`;
CREATE TABLE `t_resource`  (
  `id` int NOT NULL AUTO_INCREMENT COMMENT '主键',
  `resource_name` varchar(50) CHARACTER SET utf8mb4 COLLATE utf8mb4_0900_ai_ci NOT NULL COMMENT '资源名',
  `url` varchar(255) CHARACTER SET utf8mb4 COLLATE utf8mb4_0900_ai_ci NULL DEFAULT NULL COMMENT '权限路径',
  `request_method` varchar(10) CHARACTER SET utf8mb4 COLLATE utf8mb4_0900_ai_ci NULL DEFAULT NULL COMMENT '请求方式',
  `parent_id` int NULL DEFAULT NULL COMMENT '父模块id',
  `is_anonymous` tinyint(1) NOT NULL DEFAULT 0 COMMENT '是否匿名访问 0否 1是',
  `create_time` datetime NOT NULL COMMENT '创建时间',
  `update_time` datetime NULL DEFAULT NULL COMMENT '修改时间',
  PRIMARY KEY (`id`) USING BTREE
) ENGINE = InnoDB AUTO_INCREMENT = 1232 CHARACTER SET = utf8mb4 COLLATE = utf8mb4_0900_ai_ci ROW_FORMAT = DYNAMIC;

-- ----------------------------
-- Records of t_resource
-- ----------------------------
INSERT INTO `t_resource` VALUES (1, '菜单模块', NULL, NULL, NULL, 0, '2022-08-19 22:26:21', NULL);
INSERT INTO `t_resource` VALUES (2, '获取当前用户路由', '/management-center/menus/user', 'GET', 1, 0, '2022-08-19 22:26:22', '2024-01-17 14:48:44');
INSERT INTO `t_resource` VALUES (3, '新增或修改菜单', '/management-center/menus/menu', 'POST', 1, 0, '2022-08-19 22:26:22', '2024-11-12 22:00:46');
INSERT INTO `t_resource` VALUES (1191, '文章模块', NULL, '', NULL, 0, '2023-08-23 14:20:14', NULL);
INSERT INTO `t_resource` VALUES (1192, '获取指定和推荐文章', '/articles/topAndFeatured', 'GET', 1191, 1, '2023-08-23 14:25:59', NULL);
INSERT INTO `t_resource` VALUES (1193, '查询系统路由', '/management-center/menus/menu', 'GET', 1, 0, '2023-08-23 14:27:19', '2024-11-12 22:02:27');
INSERT INTO `t_resource` VALUES (1194, '资源模块', NULL, '', NULL, 0, '2023-08-23 14:27:41', NULL);
INSERT INTO `t_resource` VALUES (1195, '获取资源列表', '/management-center/resource/resources', 'GET', 1194, 0, '2023-08-23 14:27:57', '2024-11-12 22:07:30');
INSERT INTO `t_resource` VALUES (1197, '新增或修改资源', '/management-center/resource/resources', 'POST', 1194, 0, '2023-08-23 14:29:36', '2024-11-12 22:07:34');
INSERT INTO `t_resource` VALUES (1198, '角色模块', NULL, '', NULL, 0, '2023-08-23 14:34:11', NULL);
INSERT INTO `t_resource` VALUES (1199, '查询角色列表', '/management-center/role/roles', 'GET', 1198, 0, '2023-08-23 14:34:23', '2024-11-12 22:07:47');
INSERT INTO `t_resource` VALUES (1200, '查询角色菜单', '/management-center/role/menus', 'GET', 1198, 0, '2023-08-23 14:36:03', '2024-11-12 22:07:52');
INSERT INTO `t_resource` VALUES (1201, '新增或修改角色菜单权限', '/management-center/role/menus', 'POST', 1198, 0, '2023-08-23 14:36:59', '2024-11-12 22:07:56');
INSERT INTO `t_resource` VALUES (1202, '新增或修改角色资源权限', '/management-center/role/resources', 'POST', 1198, 0, '2023-08-23 14:37:16', '2024-11-12 22:08:01');
INSERT INTO `t_resource` VALUES (1203, '获取可分配角色列表', '/management-center/role/allow', 'GET', 1198, 0, '2023-08-25 11:53:16', '2024-11-12 22:08:06');
INSERT INTO `t_resource` VALUES (1204, '分配角色', '/management-center/role/allow', 'PUT', 1198, 0, '2023-08-25 11:53:30', '2024-11-12 22:08:11');
INSERT INTO `t_resource` VALUES (1209, '删除系统路由', '/management-center/menus/menu', 'DELETE', 1, 0, '2024-01-17 14:39:50', '2024-11-12 22:07:17');
INSERT INTO `t_resource` VALUES (1210, '删除资源', '/management-center/resource/resources', 'DELETE', 1194, 0, '2024-01-17 14:51:26', '2024-11-12 22:07:39');
INSERT INTO `t_resource` VALUES (1211, '新增或修改角色', '/management-center/role/roles', 'POST', 1198, 0, '2024-01-17 14:53:54', '2024-11-12 22:08:16');
INSERT INTO `t_resource` VALUES (1212, '删除角色', '/management-center/role/roles', 'DELETE', 1198, 0, '2024-01-17 14:54:41', '2024-11-12 22:08:20');
INSERT INTO `t_resource` VALUES (1213, '获取角色资源列表', '/management-center/role/resources', 'GET', 1198, 0, '2024-01-17 14:58:28', '2024-11-12 22:08:25');
INSERT INTO `t_resource` VALUES (1216, '用户模块', NULL, '', NULL, 0, '2024-02-06 09:38:14', NULL);
INSERT INTO `t_resource` VALUES (1217, '门户模块', NULL, '', NULL, 0, '2024-02-06 09:38:45', NULL);
INSERT INTO `t_resource` VALUES (1218, '创建门户', '/management-center/home/add', 'POST', 1217, 0, '2024-02-06 09:40:37', '2024-11-12 22:09:44');
INSERT INTO `t_resource` VALUES (1219, '编辑门户', '/management-center/home/edit', 'POST', 1217, 0, '2024-02-06 09:41:20', '2024-11-12 22:09:49');
INSERT INTO `t_resource` VALUES (1220, '查询用户启用，未启用门户', '/management-center/home/listByUser', 'GET', 1217, 0, '2024-02-06 09:41:52', '2024-11-12 22:09:53');
INSERT INTO `t_resource` VALUES (1221, '查询角色启用，未启用门户', '/management-center/home/listByRole', 'GET', 1217, 0, '2024-02-06 09:42:17', '2024-11-12 22:09:58');
INSERT INTO `t_resource` VALUES (1222, '处理门户块启用', '/management-center/home/enable', 'POST', 1217, 0, '2024-02-06 09:42:59', '2024-11-12 22:10:03');
INSERT INTO `t_resource` VALUES (1223, '删除门户', '/management-center/home/delete', 'DELETE', 1217, 0, '2024-02-06 09:43:21', '2024-11-12 22:10:07');
INSERT INTO `t_resource` VALUES (1224, '获取用户门户', '/management-center/home/list', 'GET', 1217, 0, '2024-02-06 09:43:50', '2024-11-12 22:10:13');
INSERT INTO `t_resource` VALUES (1225, '获取用户列表', '/management-center/users/list', 'GET', 1216, 0, '2024-02-06 09:50:32', '2024-11-12 22:09:13');
INSERT INTO `t_resource` VALUES (1226, '查询用户信息', '/management-center/users/info', 'GET', 1216, 0, '2024-02-06 09:51:04', '2024-11-12 22:09:18');
INSERT INTO `t_resource` VALUES (1227, '上传头像', '/management-center/users/avatar', 'POST', 1216, 0, '2024-02-06 09:51:27', '2024-11-12 22:09:23');
INSERT INTO `t_resource` VALUES (1228, '创建用户', '/management-center/users/user', 'POST', 1216, 0, '2024-02-06 09:51:51', '2024-11-12 22:09:27');
INSERT INTO `t_resource` VALUES (1229, '删除用户', '/management-center/users/user', 'DELETE', 1216, 0, '2024-02-06 09:52:10', '2024-11-12 22:09:31');
INSERT INTO `t_resource` VALUES (1230, '退出登录', '/management-center/users/logout', 'GET', 1216, 1, '2024-02-06 09:52:41', '2024-11-12 22:09:35');

-- ----------------------------
-- Table structure for t_role
-- ----------------------------
DROP TABLE IF EXISTS `t_role`;
CREATE TABLE `t_role`  (
  `id` int NOT NULL AUTO_INCREMENT COMMENT '主键id',
  `role_name` varchar(20) CHARACTER SET utf8mb4 COLLATE utf8mb4_0900_ai_ci NOT NULL COMMENT '角色名',
  `is_disable` tinyint(1) NOT NULL DEFAULT 0 COMMENT '是否禁用  0否 1是',
  `describe` varchar(100) CHARACTER SET utf8mb4 COLLATE utf8mb4_0900_ai_ci NULL DEFAULT NULL COMMENT '角色描述',
  `create_time` datetime NOT NULL COMMENT '创建时间',
  `update_time` datetime NULL DEFAULT NULL COMMENT '更新时间',
  PRIMARY KEY (`id`) USING BTREE
) ENGINE = InnoDB AUTO_INCREMENT = 35 CHARACTER SET = utf8mb4 COLLATE = utf8mb4_0900_ai_ci ROW_FORMAT = DYNAMIC;

-- ----------------------------
-- Records of t_role
-- ----------------------------
INSERT INTO `t_role` VALUES (1, 'admin', 0, NULL, '2022-07-20 13:25:19', '2023-06-02 19:07:18');
INSERT INTO `t_role` VALUES (2, 'user', 0, NULL, '2022-07-20 13:25:40', '2022-08-19 22:55:26');
INSERT INTO `t_role` VALUES (26, 'test', 0, '测试角色', '2024-01-17 11:08:24', NULL);
INSERT INTO `t_role` VALUES (27, 'oj', 0, 'oj权限', '2024-01-30 17:53:01', '2024-11-07 23:09:04');
INSERT INTO `t_role` VALUES (28, 'blog', 0, '博客权限', '2024-01-30 17:53:15', NULL);
INSERT INTO `t_role` VALUES (29, 'api', 0, '开放api平台权限', '2024-01-30 17:53:48', NULL);

-- ----------------------------
-- Table structure for t_role_home
-- ----------------------------
DROP TABLE IF EXISTS `t_role_home`;
CREATE TABLE `t_role_home`  (
  `id` int NOT NULL AUTO_INCREMENT,
  `role_id` int NOT NULL,
  `home_id` int NOT NULL,
  `order_num` int NOT NULL,
  `width_value` int NULL DEFAULT NULL,
  PRIMARY KEY (`id`) USING BTREE
) ENGINE = InnoDB AUTO_INCREMENT = 373 CHARACTER SET = utf8mb4 COLLATE = utf8mb4_0900_ai_ci ROW_FORMAT = DYNAMIC;

-- ----------------------------
-- Records of t_role_home
-- ----------------------------
INSERT INTO `t_role_home` VALUES (146, 26, 8, 1, NULL);
INSERT INTO `t_role_home` VALUES (147, 26, 7, 2, NULL);
INSERT INTO `t_role_home` VALUES (148, 26, 18, 3, NULL);
INSERT INTO `t_role_home` VALUES (149, 26, 9, 4, NULL);
INSERT INTO `t_role_home` VALUES (314, 2, 7, 1, NULL);
INSERT INTO `t_role_home` VALUES (315, 2, 18, 2, NULL);
INSERT INTO `t_role_home` VALUES (316, 2, 8, 3, NULL);
INSERT INTO `t_role_home` VALUES (360, 27, 7, 1, NULL);
INSERT INTO `t_role_home` VALUES (361, 27, 8, 2, NULL);
INSERT INTO `t_role_home` VALUES (362, 27, 9, 3, NULL);
INSERT INTO `t_role_home` VALUES (363, 27, 18, 4, NULL);
INSERT INTO `t_role_home` VALUES (368, 1, 18, 1, NULL);
INSERT INTO `t_role_home` VALUES (369, 1, 7, 2, NULL);
INSERT INTO `t_role_home` VALUES (370, 1, 8, 3, NULL);
INSERT INTO `t_role_home` VALUES (371, 1, 22, 4, NULL);
INSERT INTO `t_role_home` VALUES (372, 1, 9, 5, NULL);

-- ----------------------------
-- Table structure for t_role_menu
-- ----------------------------
DROP TABLE IF EXISTS `t_role_menu`;
CREATE TABLE `t_role_menu`  (
  `id` int NOT NULL AUTO_INCREMENT COMMENT '主键',
  `role_id` int NULL DEFAULT NULL COMMENT '角色id',
  `menu_id` int NULL DEFAULT NULL COMMENT '菜单id',
  PRIMARY KEY (`id`) USING BTREE
) ENGINE = InnoDB AUTO_INCREMENT = 3566 CHARACTER SET = utf8mb4 COLLATE = utf8mb4_0900_ai_ci ROW_FORMAT = DYNAMIC;

-- ----------------------------
-- Records of t_role_menu
-- ----------------------------
INSERT INTO `t_role_menu` VALUES (3269, 2, 1);
INSERT INTO `t_role_menu` VALUES (3270, 2, 2);
INSERT INTO `t_role_menu` VALUES (3271, 2, 6);
INSERT INTO `t_role_menu` VALUES (3272, 2, 244);
INSERT INTO `t_role_menu` VALUES (3273, 2, 245);
INSERT INTO `t_role_menu` VALUES (3274, 2, 246);
INSERT INTO `t_role_menu` VALUES (3275, 2, 247);
INSERT INTO `t_role_menu` VALUES (3276, 2, 251);
INSERT INTO `t_role_menu` VALUES (3277, 26, 1);
INSERT INTO `t_role_menu` VALUES (3278, 26, 2);
INSERT INTO `t_role_menu` VALUES (3279, 26, 6);
INSERT INTO `t_role_menu` VALUES (3280, 26, 229);
INSERT INTO `t_role_menu` VALUES (3281, 26, 230);
INSERT INTO `t_role_menu` VALUES (3282, 26, 241);
INSERT INTO `t_role_menu` VALUES (3283, 26, 242);
INSERT INTO `t_role_menu` VALUES (3284, 26, 243);
INSERT INTO `t_role_menu` VALUES (3285, 26, 250);
INSERT INTO `t_role_menu` VALUES (3286, 26, 244);
INSERT INTO `t_role_menu` VALUES (3287, 26, 245);
INSERT INTO `t_role_menu` VALUES (3288, 26, 246);
INSERT INTO `t_role_menu` VALUES (3289, 26, 247);
INSERT INTO `t_role_menu` VALUES (3290, 26, 251);
INSERT INTO `t_role_menu` VALUES (3537, 27, 1);
INSERT INTO `t_role_menu` VALUES (3538, 27, 258);
INSERT INTO `t_role_menu` VALUES (3539, 27, 272);
INSERT INTO `t_role_menu` VALUES (3540, 27, 273);
INSERT INTO `t_role_menu` VALUES (3541, 27, 274);
INSERT INTO `t_role_menu` VALUES (3542, 27, 275);
INSERT INTO `t_role_menu` VALUES (3543, 1, 1);
INSERT INTO `t_role_menu` VALUES (3544, 1, 2);
INSERT INTO `t_role_menu` VALUES (3545, 1, 6);
INSERT INTO `t_role_menu` VALUES (3546, 1, 258);
INSERT INTO `t_role_menu` VALUES (3547, 1, 269);
INSERT INTO `t_role_menu` VALUES (3548, 1, 270);
INSERT INTO `t_role_menu` VALUES (3549, 1, 271);
INSERT INTO `t_role_menu` VALUES (3550, 1, 272);
INSERT INTO `t_role_menu` VALUES (3551, 1, 273);
INSERT INTO `t_role_menu` VALUES (3552, 1, 274);
INSERT INTO `t_role_menu` VALUES (3553, 1, 275);
INSERT INTO `t_role_menu` VALUES (3554, 1, 276);
INSERT INTO `t_role_menu` VALUES (3555, 1, 229);
INSERT INTO `t_role_menu` VALUES (3556, 1, 230);
INSERT INTO `t_role_menu` VALUES (3557, 1, 241);
INSERT INTO `t_role_menu` VALUES (3558, 1, 242);
INSERT INTO `t_role_menu` VALUES (3559, 1, 243);
INSERT INTO `t_role_menu` VALUES (3560, 1, 250);
INSERT INTO `t_role_menu` VALUES (3561, 1, 244);
INSERT INTO `t_role_menu` VALUES (3562, 1, 245);
INSERT INTO `t_role_menu` VALUES (3563, 1, 246);
INSERT INTO `t_role_menu` VALUES (3564, 1, 247);
INSERT INTO `t_role_menu` VALUES (3565, 1, 251);

-- ----------------------------
-- Table structure for t_role_resource
-- ----------------------------
DROP TABLE IF EXISTS `t_role_resource`;
CREATE TABLE `t_role_resource`  (
  `id` int NOT NULL AUTO_INCREMENT,
  `role_id` int NULL DEFAULT NULL COMMENT '角色id',
  `resource_id` int NULL DEFAULT NULL COMMENT '权限id',
  PRIMARY KEY (`id`) USING BTREE
) ENGINE = InnoDB AUTO_INCREMENT = 6206 CHARACTER SET = utf8mb4 COLLATE = utf8mb4_0900_ai_ci ROW_FORMAT = DYNAMIC;

-- ----------------------------
-- Records of t_role_resource
-- ----------------------------
INSERT INTO `t_role_resource` VALUES (5944, 2, 1);
INSERT INTO `t_role_resource` VALUES (5945, 2, 2);
INSERT INTO `t_role_resource` VALUES (5946, 2, 3);
INSERT INTO `t_role_resource` VALUES (5947, 2, 1193);
INSERT INTO `t_role_resource` VALUES (5948, 2, 1209);
INSERT INTO `t_role_resource` VALUES (5949, 2, 1191);
INSERT INTO `t_role_resource` VALUES (5950, 2, 1192);
INSERT INTO `t_role_resource` VALUES (5951, 2, 1194);
INSERT INTO `t_role_resource` VALUES (5952, 2, 1195);
INSERT INTO `t_role_resource` VALUES (5953, 2, 1197);
INSERT INTO `t_role_resource` VALUES (5954, 2, 1210);
INSERT INTO `t_role_resource` VALUES (5955, 2, 1198);
INSERT INTO `t_role_resource` VALUES (5956, 2, 1199);
INSERT INTO `t_role_resource` VALUES (5957, 2, 1200);
INSERT INTO `t_role_resource` VALUES (5958, 2, 1201);
INSERT INTO `t_role_resource` VALUES (5959, 2, 1202);
INSERT INTO `t_role_resource` VALUES (5960, 2, 1203);
INSERT INTO `t_role_resource` VALUES (5961, 2, 1204);
INSERT INTO `t_role_resource` VALUES (5962, 2, 1211);
INSERT INTO `t_role_resource` VALUES (5963, 2, 1212);
INSERT INTO `t_role_resource` VALUES (5964, 2, 1213);
INSERT INTO `t_role_resource` VALUES (6046, 26, 1);
INSERT INTO `t_role_resource` VALUES (6047, 26, 2);
INSERT INTO `t_role_resource` VALUES (6048, 26, 1193);
INSERT INTO `t_role_resource` VALUES (6049, 26, 1191);
INSERT INTO `t_role_resource` VALUES (6050, 26, 1192);
INSERT INTO `t_role_resource` VALUES (6051, 26, 1194);
INSERT INTO `t_role_resource` VALUES (6052, 26, 1195);
INSERT INTO `t_role_resource` VALUES (6053, 26, 1198);
INSERT INTO `t_role_resource` VALUES (6054, 26, 1199);
INSERT INTO `t_role_resource` VALUES (6055, 26, 1200);
INSERT INTO `t_role_resource` VALUES (6056, 26, 1203);
INSERT INTO `t_role_resource` VALUES (6057, 26, 1213);
INSERT INTO `t_role_resource` VALUES (6060, 26, 1216);
INSERT INTO `t_role_resource` VALUES (6061, 26, 1225);
INSERT INTO `t_role_resource` VALUES (6062, 26, 1226);
INSERT INTO `t_role_resource` VALUES (6063, 26, 1217);
INSERT INTO `t_role_resource` VALUES (6064, 26, 1220);
INSERT INTO `t_role_resource` VALUES (6065, 26, 1221);
INSERT INTO `t_role_resource` VALUES (6066, 26, 1224);
INSERT INTO `t_role_resource` VALUES (6166, 1, 1);
INSERT INTO `t_role_resource` VALUES (6167, 1, 2);
INSERT INTO `t_role_resource` VALUES (6168, 1, 3);
INSERT INTO `t_role_resource` VALUES (6169, 1, 1193);
INSERT INTO `t_role_resource` VALUES (6170, 1, 1209);
INSERT INTO `t_role_resource` VALUES (6171, 1, 1191);
INSERT INTO `t_role_resource` VALUES (6172, 1, 1192);
INSERT INTO `t_role_resource` VALUES (6173, 1, 1194);
INSERT INTO `t_role_resource` VALUES (6174, 1, 1195);
INSERT INTO `t_role_resource` VALUES (6175, 1, 1197);
INSERT INTO `t_role_resource` VALUES (6176, 1, 1210);
INSERT INTO `t_role_resource` VALUES (6177, 1, 1198);
INSERT INTO `t_role_resource` VALUES (6178, 1, 1199);
INSERT INTO `t_role_resource` VALUES (6179, 1, 1200);
INSERT INTO `t_role_resource` VALUES (6180, 1, 1201);
INSERT INTO `t_role_resource` VALUES (6181, 1, 1202);
INSERT INTO `t_role_resource` VALUES (6182, 1, 1203);
INSERT INTO `t_role_resource` VALUES (6183, 1, 1204);
INSERT INTO `t_role_resource` VALUES (6184, 1, 1211);
INSERT INTO `t_role_resource` VALUES (6185, 1, 1212);
INSERT INTO `t_role_resource` VALUES (6186, 1, 1213);
INSERT INTO `t_role_resource` VALUES (6187, 1, 1216);
INSERT INTO `t_role_resource` VALUES (6188, 1, 1225);
INSERT INTO `t_role_resource` VALUES (6189, 1, 1226);
INSERT INTO `t_role_resource` VALUES (6190, 1, 1227);
INSERT INTO `t_role_resource` VALUES (6191, 1, 1228);
INSERT INTO `t_role_resource` VALUES (6192, 1, 1229);
INSERT INTO `t_role_resource` VALUES (6193, 1, 1230);
INSERT INTO `t_role_resource` VALUES (6194, 1, 1217);
INSERT INTO `t_role_resource` VALUES (6195, 1, 1218);
INSERT INTO `t_role_resource` VALUES (6196, 1, 1219);
INSERT INTO `t_role_resource` VALUES (6197, 1, 1220);
INSERT INTO `t_role_resource` VALUES (6198, 1, 1221);
INSERT INTO `t_role_resource` VALUES (6199, 1, 1222);
INSERT INTO `t_role_resource` VALUES (6200, 1, 1223);
INSERT INTO `t_role_resource` VALUES (6201, 1, 1224);
INSERT INTO `t_role_resource` VALUES (6202, 27, 1);
INSERT INTO `t_role_resource` VALUES (6203, 27, 2);
INSERT INTO `t_role_resource` VALUES (6204, 27, 1216);
INSERT INTO `t_role_resource` VALUES (6205, 27, 1230);

-- ----------------------------
-- Table structure for t_user_auth
-- ----------------------------
DROP TABLE IF EXISTS `t_user_auth`;
CREATE TABLE `t_user_auth`  (
  `id` int NOT NULL AUTO_INCREMENT,
  `user_info_id` int NOT NULL COMMENT '用户信息id',
  `username` varchar(50) CHARACTER SET utf8mb4 COLLATE utf8mb4_0900_ai_ci NOT NULL COMMENT '用户名',
  `password` varchar(100) CHARACTER SET utf8mb4 COLLATE utf8mb4_0900_ai_ci NOT NULL COMMENT '密码',
  `login_type` tinyint(1) NOT NULL COMMENT '登录类型 1 邮箱 2 qq 3 内网用户',
  `ip_address` varchar(50) CHARACTER SET utf8mb4 COLLATE utf8mb4_0900_ai_ci NULL DEFAULT NULL COMMENT '用户登录ip',
  `ip_source` varchar(50) CHARACTER SET utf8mb4 COLLATE utf8mb4_0900_ai_ci NULL DEFAULT NULL COMMENT 'ip来源',
  `create_time` datetime NOT NULL COMMENT '创建时间',
  `update_time` datetime NULL DEFAULT NULL COMMENT '更新时间',
  `last_login_time` datetime NULL DEFAULT NULL COMMENT '上次登录时间',
  PRIMARY KEY (`id`) USING BTREE,
  UNIQUE INDEX `username`(`username` ASC) USING BTREE
) ENGINE = InnoDB AUTO_INCREMENT = 1033 CHARACTER SET = utf8mb4 COLLATE = utf8mb4_0900_ai_ci ROW_FORMAT = DYNAMIC;

-- ----------------------------
-- Records of t_user_auth
-- ----------------------------
INSERT INTO `t_user_auth` VALUES (1, 1, 'admin@163.com', '$2a$10$NatFlJeD1KE.IyJvnxqI9.RB7k03siLspnPcTJkBvcKoLfOtSvtIW', 1, '0:0:0:0:0:0:0:1', '内网IP|内网IP', '2022-08-19 21:43:46', NULL, '2025-02-01 14:17:35');
INSERT INTO `t_user_auth` VALUES (1014, 1024, '2938007768@qq.com', '$2a$10$hiltyiaBve/qZ4oRrUHLyeZmBVfgmU3i2/b4AAz3w0rnqpfU/Z/FK', 1, '202.106.86.134', '中国|北京|北京市|联通', '2023-07-05 09:51:19', '2023-07-05 09:59:08', '2023-07-05 09:59:08');
INSERT INTO `t_user_auth` VALUES (1031, 1041, '2876053639', '$2a$10$TijIO4kHxLL7XUeedQKy1.sefDTDTem2I1FfTXM9ep1.2gWICpaIK', 3, '0:0:0:0:0:0:0:1', '内网IP|内网IP', '2024-12-15 23:10:29', NULL, '2025-02-01 14:17:03');
INSERT INTO `t_user_auth` VALUES (1032, 1042, '123456789', '$2a$10$nwbWx5Q5fZLG2RS4CMVKa.zh9oO7wv8KUZ4CkPuwpSl0XKb9ElBxu', 3, '202.106.86.134', '中国|北京|北京市|联通', '2024-12-15 23:11:06', NULL, NULL);

-- ----------------------------
-- Table structure for t_user_home
-- ----------------------------
DROP TABLE IF EXISTS `t_user_home`;
CREATE TABLE `t_user_home`  (
  `id` int NOT NULL AUTO_INCREMENT COMMENT '主键',
  `user_info_id` int NOT NULL COMMENT '用户id',
  `home_order` text CHARACTER SET utf8mb4 COLLATE utf8mb4_0900_ai_ci NULL COMMENT '门户排序',
  PRIMARY KEY (`id`) USING BTREE
) ENGINE = InnoDB AUTO_INCREMENT = 7 CHARACTER SET = utf8mb4 COLLATE = utf8mb4_0900_ai_ci ROW_FORMAT = DYNAMIC;

-- ----------------------------
-- Records of t_user_home
-- ----------------------------
INSERT INTO `t_user_home` VALUES (1, 1, '[{\"homeId\":8,\"widthValue\":3,\"orderNum\":1},{\"homeId\":18,\"widthValue\":3,\"orderNum\":2},{\"homeId\":7,\"widthValue\":5,\"orderNum\":3},{\"homeId\":9,\"widthValue\":2,\"orderNum\":4},{\"homeId\":22,\"widthValue\":4,\"orderNum\":5}]');
INSERT INTO `t_user_home` VALUES (4, 1024, '[{\"homeId\":9,\"orderNum\":1},{\"homeId\":7,\"orderNum\":2}]');
INSERT INTO `t_user_home` VALUES (6, 1041, '[{\"homeId\":8,\"widthValue\":2,\"orderNum\":1},{\"homeId\":9,\"widthValue\":2,\"orderNum\":2},{\"homeId\":18,\"widthValue\":2,\"orderNum\":3},{\"homeId\":7,\"widthValue\":5,\"orderNum\":4}]');

-- ----------------------------
-- Table structure for t_user_info
-- ----------------------------
DROP TABLE IF EXISTS `t_user_info`;
CREATE TABLE `t_user_info`  (
  `id` int NOT NULL AUTO_INCREMENT COMMENT '用户ID',
  `email` varchar(50) CHARACTER SET utf8mb4 COLLATE utf8mb4_0900_ai_ci NULL DEFAULT NULL COMMENT '邮箱号',
  `nickname` varchar(50) CHARACTER SET utf8mb4 COLLATE utf8mb4_0900_ai_ci NOT NULL COMMENT '用户昵称',
  `avatar` varchar(1024) CHARACTER SET utf8mb4 COLLATE utf8mb4_0900_ai_ci NULL DEFAULT '' COMMENT '用户头像',
  `intro` varchar(255) CHARACTER SET utf8mb4 COLLATE utf8mb4_0900_ai_ci NULL DEFAULT NULL COMMENT '用户简介',
  `website` varchar(255) CHARACTER SET utf8mb4 COLLATE utf8mb4_0900_ai_ci NULL DEFAULT NULL COMMENT '个人网站',
  `is_subscribe` tinyint(1) NULL DEFAULT NULL COMMENT '是否订阅',
  `is_disable` tinyint(1) NOT NULL DEFAULT 0 COMMENT '是否禁用',
  `create_time` datetime NOT NULL COMMENT '创建时间',
  `update_time` datetime NULL DEFAULT NULL COMMENT '更新时间',
  PRIMARY KEY (`id`) USING BTREE
) ENGINE = InnoDB AUTO_INCREMENT = 1043 CHARACTER SET = utf8mb4 COLLATE = utf8mb4_0900_ai_ci ROW_FORMAT = DYNAMIC;

-- ----------------------------
-- Records of t_user_info
-- ----------------------------
INSERT INTO `t_user_info` VALUES (1, 'admin@163.com', '一只洛仙哟', '', '一只洛仙哟的用户简介', 'https://www.luoxian.tech/', 0, 0, '2022-08-19 21:42:04', '2023-06-10 14:45:24');
INSERT INTO `t_user_info` VALUES (1024, '2938007768@qq.com', '用户1676408381937090561', '', NULL, NULL, NULL, 0, '2023-07-05 09:51:19', NULL);
INSERT INTO `t_user_info` VALUES (1041, NULL, '测试账号1', '', NULL, NULL, NULL, 0, '2024-12-15 23:10:29', NULL);
INSERT INTO `t_user_info` VALUES (1042, NULL, '测试账号2', '', NULL, NULL, NULL, 0, '2024-12-15 23:11:06', NULL);

-- ----------------------------
-- Table structure for t_user_role
-- ----------------------------
DROP TABLE IF EXISTS `t_user_role`;
CREATE TABLE `t_user_role`  (
  `id` int NOT NULL AUTO_INCREMENT,
  `user_id` int NULL DEFAULT NULL COMMENT '用户id',
  `role_id` int NULL DEFAULT NULL COMMENT '角色id',
  PRIMARY KEY (`id`) USING BTREE
) ENGINE = InnoDB AUTO_INCREMENT = 1073 CHARACTER SET = utf8mb4 COLLATE = utf8mb4_0900_ai_ci ROW_FORMAT = DYNAMIC;

-- ----------------------------
-- Records of t_user_role
-- ----------------------------
INSERT INTO `t_user_role` VALUES (1050, 1024, 2);
INSERT INTO `t_user_role` VALUES (1066, 1, 1);
INSERT INTO `t_user_role` VALUES (1071, 1041, 27);
INSERT INTO `t_user_role` VALUES (1072, 1042, 27);

SET FOREIGN_KEY_CHECKS = 1;
